550,61,16.239
560,51,10.382
560,61,13.463
550,51,12.416
570,51,8.4585
580,41,3.5068
540,51,14.102
570,41,5.0468
530,51,15.725
540,41,9.07
550,41,7.7622
560,41,6.4544
510,51,18.563
520,51,17.135
530,31,4.028
540,31,3.2861
550,31,2.5441
460,71,37.517
490,61,27.244
510,41,12.107
520,41,11.106
530,41,10.105
480,61,28.637
500,51,19.734
520,31,4.921
470,61,29.772
490,51,20.944
500,41,13.025
440,61,32.662
450,61,31.695
450,71,38.623
460,61,30.728
470,51,22.834
480,51,21.868
550,71,19.525
490,111,51.458
500,101,44.793
530,71,24.674
540,71,22.245
470,121,60.302
480,111,54.006
480,121,57.912
490,101,47.503
500,91,40.717
510,81,33.93
510,91,38.121
520,71,27.144
520,81,31.334
540,61,18.291
450,111,60.452
450,121,64.711
460,111,58.336
460,121,62.595
470,111,56.22
480,91,45.164
490,91,42.986
500,81,36.216
520,61,22.309
530,61,20.619
460,101,53.942
470,101,51.849
480,101,49.756
490,81,38.301
500,71,31.242
510,61,24.184
510,71,29.357
450,91,50.315
450,101,55.575
460,91,48.783
460,81,43.146
470,71,36.005
470,81,41.594
470,91,47.184
480,71,34.453
480,81,40.042
490,71,32.901
500,61,25.759
440,91,51.721
450,81,44.759
400,81,49.291
410,81,48.35
420,81,47.587
430,81,46.853
440,81,46.118
450,31,7.1796
460,31,6.847
470,31,6.5145
480,31,6.1819
500,31,5.6343
510,31,5.3143
390,71,43.401
400,71,42.629
410,71,41.857
420,71,41.084
430,71,40.312
440,71,39.54
440,41,16.528
450,41,16.192
460,51,23.703
470,41,15.058
480,41,14.453
490,41,13.849
410,61,34.522
420,61,34.011
430,61,33.499
420,51,26.051
430,51,25.469
440,51,24.887
450,51,24.305
460,41,15.641
400,61,34.991
410,51,26.431
420,41,17.341
430,41,16.897
390,31,7.6674
400,31,7.761
410,41,17.597
410,31,7.5846
420,31,7.3652
360,41,18.02
370,41,17.964
370,51,27.365
350,51,27.433
360,51,27.419
320,61,35.468
330,51,27.233
330,61,35.658
340,51,27.407
340,61,35.847
350,61,36.015
300,51,26.303
310,51,26.622
310,61,35.227
320,51,26.942
310,71,43.127
320,71,43.42
330,71,43.713
280,61,33.948
290,61,34.405
300,61,34.861
320,81,50.692
340,71,43.954
300,71,42.684
300,81,49.801
310,81,50.395
210,51,21.449
220,51,22.144
230,51,22.839
270,71,40.893
280,71,41.507
290,71,42.121
230,61,30.451
240,61,31.197
250,61,31.943
260,61,32.69
260,71,40.16
270,61,33.436
590,21,0.019585
550,1,0.32932
560,1,0.32446
560,11,0.22658
570,11,0.22172
570,21,0.12384
580,11,0.21686
580,21,0.11898
590,11,0.212
530,21,0.06637
540,1,0.31666
540,11,0.199
540,21,0.081335
550,11,0.21396
550,21,0.0963
560,21,0.11126
490,1,0.4274
500,1,0.4019
510,1,0.3764
510,11,0.23928
520,1,0.35091
520,11,0.21378
530,1,0.32541
530,11,0.18829
440,11,0.14035
450,11,0.15975
460,1,0.40574
460,11,0.17915
470,1,0.42514
470,11,0.19855
470,21,0
480,1,0.44454
480,11,0.21795
480,21,0
490,11,0.23735
490,21,0.010751
500,11,0.25675
500,21,0.03015
510,21,0.04955
520,21,0.068949
380,41,17.89
390,41,17.803
400,41,17.717
440,21,0.11295
450,21,0.057004
460,21,0.0010601
410,1,0.53415
420,1,0.50306
420,11,0.19882
430,1,0.47196
430,11,0.16772
440,1,0.44086
450,1,0.40977
330,31,7.32
340,31,7.3727
350,31,7.4254
360,31,7.4781
370,31,7.5308
380,31,7.5835
390,21,0.084718
400,21,0.10441
410,21,0.12411
420,21,0.1438
430,21,0.16349
380,21,0.11883
390,11,0.34888
400,1,0.57893
400,11,0.29659
410,11,0.24431
320,31,7.1312
330,41,17.502
340,41,17.781
350,41,18.059
330,1,0.81576
340,1,0.7839
350,1,0.75205
360,1,0.72019
360,11,0.45681
370,1,0.68833
370,11,0.42495
380,1,0.65648
380,11,0.3931
390,1,0.62462
280,31,6.5064
290,31,6.6505
300,31,6.7947
310,31,6.9388
310,41,17.141
320,41,17.285
310,11,0.62442
310,21,0.3654
320,1,0.84958
320,11,0.59056
320,21,0.33154
330,11,0.5567
330,21,0.29768
340,11,0.52284
340,21,0.26382
350,11,0.48898
350,21,0.22996
360,21,0.1961
370,21,0.16224
250,31,5.7795
260,31,6.0584
270,31,6.3373
280,41,16.371
290,41,16.65
300,41,16.929
240,51,23.49
250,51,24
260,51,24.51
270,51,25.02
280,51,25.53
250,41,15.324
260,41,15.682
270,41,16.04
290,51,25.959
240,31,5.5367
210,41,13.457
220,41,13.927
230,41,14.398
240,41,14.868
220,31,5.2156
230,31,5.3305
210,31,5.1862
130,31,2.9783
140,31,3.1872
150,31,3.3962
160,31,3.6051
170,31,3.8141
180,41,11.956
220,61,29.656
250,71,39.393
190,41,12.482
200,31,4.8917
200,41,13
180,51,19.119
190,51,19.923
200,51,20.727
160,41,10.887
180,31,4.1572
190,31,4.5028
170,41,11.38
590,111,6.715
590,331,7.8621
590,341,7.843
590,351,7.8239
590,361,7.8047
590,251,8.4062
590,261,8.3548
590,271,8.3035
590,281,8.2521
590,291,8.2007
590,301,8.1034
590,311,7.9971
590,321,7.8909
580,291,18.965
580,301,18.836
580,311,18.708
580,321,18.579
580,261,18.922
580,271,18.95
580,281,18.978
570,251,28.674
570,261,28.733
570,271,28.791
570,281,28.85
570,221,28.203
570,231,28.369
570,241,28.534
560,201,35.77
560,211,36.161
560,221,36.552
560,231,36.942
560,241,37.243
560,251,37.461
570,211,28.012
610,81,0
610,91,0
610,101,0
610,111,0
620,61,0.021522
620,71,0
620,81,0
620,91,0
620,101,0
620,111,0
620,121,0
620,131,0
620,141,0
610,51,0.13925
610,61,0.056868
610,71,0
620,51,0.081957
570,1,0.32026
580,1,0.32024
590,1,0.32022
600,1,0.3202
610,1,0.32018
600,21,0.11342
600,31,0.051116
610,11,0.22833
610,21,0.16603
610,31,0.10373
620,1,0.34324
620,11,0.28094
620,21,0.21864
620,31,0.15634
600,51,0.40484
600,61,0.37795
600,71,0.35107
600,81,0.32419
600,41,0.20183
610,41,0.16003
620,41,0.11823
600,11,0.20927
590,31,0.45617
590,41,1.5488
580,31,0.81804
570,31,1.6465
560,31,2.1678
490,31,5.93
430,31,7.2489
440,31,7.2188
590,61,4.1008
590,71,4.6559
590,81,5.211
600,91,0.61313
580,51,5.6832
580,61,7.7378
590,51,3.1144
560,91,21.068
570,81,14.969
570,61,10.856
550,81,22.579
560,81,19.068
570,71,13.062
560,71,16.428
510,131,51.852
520,121,45.171
530,111,38.491
540,91,28.828
540,101,31.81
550,91,25.129
530,81,28.745
540,81,25.724
500,131,55.429
510,121,48.788
520,111,42.147
530,101,35.506
510,111,45.529
520,101,38.863
530,91,32.197
490,141,61.703
500,141,58.452
490,121,55.276
500,111,48.628
500,121,52.188
510,101,41.98
520,91,35.332
480,141,64.817
490,131,58.623
460,141,70.1
470,141,67.469
480,131,61.463
460,131,66.519
470,131,64.052
430,121,68.141
440,121,66.433
430,151,79.851
440,141,74.389
450,141,72.502
420,131,73.901
420,141,77.796
420,151,81.691
430,131,72.239
430,141,76.134
440,131,70.576
450,131,68.914
380,131,77.84
380,141,82.107
380,151,86.374
390,121,72.783
390,131,77.083
390,141,81.383
400,131,76.16
410,131,75.237
420,111,64.708
420,121,69.625
430,111,63.402
440,111,62.097
420,101,59.674
430,91,53.089
430,101,58.326
440,101,56.978
400,111,66.959
400,121,71.829
410,111,65.901
410,121,70.771
400,91,56.046
410,91,55.077
420,91,54.108
390,111,67.767
400,101,61.537
410,101,60.775
360,91,57.749
370,91,57.375
380,81,50.426
380,91,57.001
390,81,50.052
370,111,68.981
380,101,62.843
380,111,68.393
390,101,62.254
360,101,63.691
370,101,63.27
390,91,56.598
380,51,27.264
380,61,35.555
390,51,26.909
390,61,35.2
400,51,26.554
330,81,50.882
340,81,50.929
350,91,57.927
360,61,36.023
370,61,35.862
350,71,43.959
350,81,50.96
360,71,43.852
360,81,50.853
370,71,43.745
370,81,50.747
380,71,43.638
280,141,80.982
290,141,81.532
290,151,85.513
300,141,82.082
300,151,86.063
300,161,90.044
310,131,78.652
310,141,82.633
350,131,79.16
350,141,83.525
360,131,78.729
360,141,83.093
370,131,78.297
370,141,82.662
370,151,87.026
380,121,73.502
310,151,86.625
320,131,79.216
320,141,83.217
330,121,74.343
340,111,69.001
350,101,63.659
350,111,69.126
360,111,69.252
340,131,79.471
360,121,74.133
370,121,73.847
330,131,79.494
340,121,74.398
350,121,74.376
280,81,48.566
280,91,55.073
290,81,49.206
290,91,55.712
300,91,56.352
270,81,47.919
260,91,53.43
270,91,54.347
230,91,50.118
240,101,57.037
250,101,58.27
200,61,27.901
210,61,28.845
230,71,37.543
240,71,38.488
250,81,46.242
260,81,47.186
240,91,51.324
250,91,52.401
210,91,47.458
220,91,48.793
190,61,26.817
210,71,35.438
220,71,36.534
220,81,42.963
230,81,44.059
240,81,45.155
180,71,31.927
200,81,40.387
210,81,41.75
170,61,24.658
180,61,25.737
190,71,33.27
200,71,34.349
170,71,30.455
180,81,37.504
190,81,38.989
150,41,10.383
160,51,17.488
170,51,18.323
150,61,22.326
160,71,29.085
150,71,27.693
140,41,9.4959
140,51,15.692
150,51,16.606
160,61,23.581
130,61,19.751
140,61,21.031
130,41,8.9917
130,51,14.555
100,61,15.383
110,61,16.874
120,61,18.365
120,41,8.2825
120,51,13.501
90,51,10.364
100,51,11.539
100,31,2.678
110,31,2.7855
120,31,2.893
110,41,7.6559
90,41,6.1388
100,41,7.1875
110,51,12.64
80,31,2.4361
90,31,2.558
80,41,5.202
50,41,2.9284
60,41,3.803
70,41,4.6777
70,31,2.1751
40,41,2.4097
10,11,2.3518
20,21,2.2222
30,31,2.0926
30,41,2.0687
40,31,1.9869
10,21,2.2837
10,31,2.1868
10,41,2.09
10,51,1.9932
10,61,1.8964
10,71,1.7996
20,31,2.1903
20,41,2.0935
20,51,1.9967
20,61,1.8999
230,1,1.0331
240,1,1.0095
250,1,0.98584
260,1,0.96219
270,1,0.93854
270,11,0.70292
280,1,0.91489
280,11,0.67927
290,1,0.89124
290,11,0.65562
300,1,0.86759
300,11,0.63197
310,1,0.84394
200,1,1.0577
210,1,1.0495
220,1,1.0413
250,11,0.72648
260,11,0.71831
190,1,1.0839
190,11,0.89989
190,21,0.71588
200,11,0.87076
200,21,0.68676
210,11,0.84164
210,21,0.65763
220,11,0.81252
220,21,0.62851
230,11,0.7834
230,21,0.59939
240,11,0.75428
240,21,0.57027
250,21,0.54114
260,21,0.51202
270,21,0.4829
280,21,0.45378
290,21,0.42466
300,21,0.39553
150,21,0.86597
160,21,0.8278
170,11,0.97104
170,21,0.78962
180,1,1.1143
180,11,0.93287
180,21,0.75145
130,1,1.3248
140,1,1.2823
140,11,1.0945
150,1,1.2397
150,11,1.052
160,1,1.1972
160,11,1.0095
170,1,1.1547
120,11,1.2268
120,21,1.0671
130,11,1.1515
130,21,0.99178
140,21,0.91644
90,1,1.6468
100,1,1.5607
100,11,1.3946
110,1,1.4745
110,11,1.3085
110,21,1.1425
120,1,1.3884
50,31,1.9282
60,31,2.0591
80,1,1.744
90,11,1.5089
90,21,1.4218
100,21,1.2737
20,11,2.2397
30,11,2.122
30,21,2.1139
40,21,1.9963
50,21,1.8787
60,21,1.7611
70,21,1.6435
10,1,2.3826
20,1,2.2917
30,1,2.2007
40,1,2.1098
40,11,2.0074
50,1,2.0189
50,11,1.9164
60,1,1.9279
60,11,1.8255
70,1,1.837
70,11,1.7346
80,11,1.6436
80,21,1.5412
590,191,8.3436
590,201,8.3554
590,211,8.3673
590,221,8.3792
590,231,8.391
590,241,8.4029
590,181,8.3501
580,211,18.742
580,221,18.779
580,231,18.816
580,241,18.853
580,251,18.891
590,161,8.1155
590,171,8.2722
590,151,7.9878
580,181,18.06
580,191,18.315
580,201,18.569
580,151,16.797
590,141,7.9465
580,131,15.531
590,121,7.0461
580,161,17.186
580,171,17.701
580,141,16.19
590,131,7.5711
570,171,26.044
570,181,26.566
570,191,27.089
570,201,27.612
550,191,42.235
560,171,33.345
560,181,34.211
560,191,35.077
570,151,24.455
570,161,25.321
560,361,35.365
560,371,34.769
560,321,37.186
560,331,36.806
530,301,59.883
530,311,59.649
550,281,45.849
560,261,37.657
560,271,37.706
560,301,37.603
560,311,37.502
560,341,36.371
560,351,35.928
540,291,53.231
540,301,53.086
540,311,52.941
550,291,45.842
560,281,37.714
560,291,37.696
550,321,45.208
550,331,44.904
550,301,45.69
550,311,45.476
550,221,44.273
550,231,44.698
550,241,45.044
540,251,52.632
550,251,45.318
550,261,45.548
550,271,45.777
540,231,51.727
540,241,52.34
540,261,52.815
540,271,52.978
540,281,53.14
530,221,57.54
530,231,58.067
530,241,58.595
530,271,59.724
530,281,59.913
530,291,59.924
520,251,65.255
530,251,59.087
530,261,59.506
520,281,66.106
520,291,66.063
520,301,66.02
510,261,71.138
510,271,71.415
510,281,71.692
520,261,65.662
520,271,65.916
600,101,0.61351
570,141,23.554
580,121,14.878
590,91,5.541
590,101,6.3772
560,151,31.377
570,111,19.838
570,121,21.221
570,131,22.603
580,111,13.83
580,71,8.7347
580,81,10.525
580,91,11.878
580,101,12.696
540,181,47.404
550,161,38.878
560,131,28.686
560,141,29.997
570,91,16.73
570,101,18.352
540,161,44.737
540,171,46.154
550,141,35.93
550,151,37.55
550,121,32.311
560,111,25.271
520,181,58.29
520,191,59.742
530,171,51.656
530,181,53.108
530,191,54.56
530,151,48.148
540,141,41.124
540,151,43.086
550,131,34.1
560,121,27.075
540,121,36.841
540,131,39.26
550,101,27.734
550,111,30.153
560,101,23.464
520,171,56.657
530,161,50.098
520,141,50.568
520,151,52.843
530,131,43.701
530,141,45.976
540,111,34.56
510,141,54.631
520,131,47.954
530,121,41.278
510,181,63.024
510,191,64.808
510,161,59.304
510,151,57.134
500,181,67.542
510,171,61.236
520,161,54.931
490,161,67.019
500,151,60.956
500,161,63.35
490,171,69.389
500,171,65.639
480,151,67.818
480,161,70.424
490,151,64.459
470,191,80.637
480,181,75.072
490,181,71.426
460,171,79.038
470,161,73.488
470,171,76.029
480,171,73.02
460,181,81.439
470,181,78.397
460,161,76.274
450,161,78.957
460,151,73.335
470,151,70.757
450,191,86.349
460,191,83.545
440,171,83.991
450,171,81.66
440,151,77.871
450,151,75.886
440,181,86.476
440,191,88.787
450,181,84.104
430,161,82.984
430,171,85.926
440,161,81.07
430,181,88.832
430,191,90.963
390,191,97.265
390,201,99.382
390,211,101.5
400,191,96.041
400,201,98.158
410,201,96.935
400,171,90.969
410,171,89.329
420,161,84.889
420,171,87.69
400,181,93.725
410,181,92.096
410,191,94.694
420,181,90.468
420,191,93.066
610,121,0
610,131,0
610,141,0
610,151,0
610,161,0
610,171,0
620,151,0
620,161,0
620,171,0
610,181,0
610,191,0
620,181,0
620,191,0
620,201,0
620,211,0
600,111,0.53831
600,121,0.49912
610,351,0
620,331,0
620,341,0
630,311,0
630,321,0
630,331,0
610,261,0
610,271,0
610,281,0
620,251,0
620,261,0
620,271,0
620,281,0
620,291,0
630,301,0
610,201,0
610,211,0
610,221,0
610,231,0
610,241,0
610,251,0
620,221,0
620,231,0
620,241,0
600,131,0.45795
600,141,0.39134
600,151,0.32474
600,161,0.25814
600,171,0.19153
600,181,0.12493
600,191,0.058327
600,201,0
600,211,0
600,221,0
610,291,0
610,301,0
610,311,0
610,321,0
610,331,0
610,341,0
620,301,0
620,311,0
620,321,0
600,231,0
600,241,0
600,251,0
600,261,0
600,271,0
600,281,0
600,291,0
600,301,0
600,311,0
600,321,0
600,331,0
600,341,0
600,351,0
600,361,0
600,371,0
580,361,17.863
590,371,7.6938
590,381,7.7026
590,391,7.7113
570,371,26.658
570,291,28.824
570,301,28.738
580,331,18.402
580,341,18.208
580,351,18.013
570,331,28.075
570,341,27.716
570,351,27.358
570,361,27
570,311,28.536
570,321,28.309
580,461,14.105
590,461,6.5445
590,471,6.4859
580,451,14.324
590,451,6.8271
590,431,6.9285
590,441,6.9469
580,371,17.611
580,381,17.28
580,391,16.948
580,401,16.617
590,401,7.4944
580,431,15.432
580,441,14.868
570,381,26.178
570,391,25.598
570,401,25.018
570,411,24.438
590,411,7.2038
590,421,7.0229
580,411,16.258
580,421,15.848
400,141,80.437
400,151,84.337
410,141,79.173
410,151,83.073
390,151,85.569
390,161,88.861
400,161,87.689
410,161,86.517
340,231,108.2
350,231,107.73
350,241,109.39
360,231,107.26
370,231,106.79
380,161,89.756
390,171,92.123
350,191,100.2
360,191,99.471
360,201,101.68
370,191,98.74
370,201,100.95
380,181,95.804
380,191,98.009
380,201,100.21
380,211,102.42
390,181,95.074
340,201,102.62
340,211,104.54
340,221,106.46
350,201,102.16
350,211,104.08
350,221,106
360,211,103.61
360,221,105.53
370,211,103.14
370,221,105.06
380,221,104.59
310,211,104.28
310,221,105.97
310,231,107.65
320,221,106.44
320,231,108.12
350,181,97.676
360,171,94.099
360,181,97.069
370,161,90.522
370,171,93.492
370,181,96.463
380,171,92.886
280,201,99.926
280,211,101.85
290,201,100.83
290,211,102.76
290,221,104.69
300,211,103.67
340,141,83.855
340,151,87.541
340,161,91.227
350,151,87.48
350,161,91.166
360,151,87.42
320,201,102.55
320,211,104.65
330,201,102.62
330,211,104.72
330,221,106.82
340,191,100.6
340,171,94.808
340,181,98.035
350,171,94.524
360,161,91.014
280,191,97.415
290,181,95.606
290,191,98.24
300,181,96.432
300,191,99.066
300,201,101.7
310,161,90.562
320,151,87.17
320,161,90.88
320,171,94.589
330,141,83.778
330,151,87.488
330,161,91.197
330,171,94.907
310,201,102.44
320,191,100.1
330,181,97.763
330,191,100.44
300,171,93.781
310,171,94.208
310,181,96.952
310,191,99.697
320,181,97.378
320,91,57.416
320,101,63.463
330,91,57.629
340,91,57.841
320,111,68.923
320,121,74.273
330,101,63.582
330,111,68.932
340,101,63.59
310,91,56.931
310,101,63.079
310,111,68.706
310,121,73.986
250,181,90.937
260,181,92.311
260,191,95.045
270,191,96.419
270,171,90.854
270,181,93.648
280,171,91.85
280,181,94.644
290,171,92.846
290,101,61.844
300,101,62.525
300,111,68.111
300,121,73.312
250,171,88.182
260,171,89.571
280,151,84.766
280,161,88.384
290,161,89.382
290,111,67.372
280,121,71.838
280,131,76.423
290,121,72.597
290,131,77.182
300,131,77.941
250,151,81.202
250,161,84.747
260,161,86.156
260,151,82.465
270,151,83.689
270,161,87.387
260,101,59.398
270,101,60.245
280,101,61.091
280,111,66.6
260,121,69.755
270,121,70.814
270,131,75.429
240,151,79.656
240,161,83.179
250,121,68.675
250,131,73.032
250,141,77.389
260,131,74.297
260,141,78.655
270,141,79.92
260,111,64.639
270,111,65.733
230,141,74.21
230,151,78.006
240,141,75.973
240,131,71.617
250,111,63.533
220,101,54.301
230,101,55.739
220,141,72.404
220,151,76.219
220,121,64.035
230,121,65.593
230,131,70.128
240,121,67.152
230,111,60.845
240,111,62.302
170,81,35.992
190,91,44.424
200,91,45.978
210,101,52.857
210,131,66.626
220,131,68.439
220,111,59.32
160,81,34.226
170,91,40.892
180,91,42.675
200,121,60.434
210,121,62.321
190,101,49.325
200,101,51.119
210,111,57.757
140,71,26.067
150,81,32.505
190,121,58.454
200,131,64.624
160,91,39.099
170,101,45.605
180,101,47.523
190,111,54.03
200,111,55.947
130,71,24.305
140,81,30.755
160,101,43.418
170,111,49.84
180,111,52.074
180,121,56.261
130,81,28.739
140,91,35.077
140,101,39.053
150,101,41.415
150,111,45.391
150,91,37.069
160,111,47.747
170,121,54.049
230,161,81.552
240,171,86.437
240,181,89.478
220,161,79.652
220,171,82.613
220,181,85.574
230,171,84.584
230,181,87.545
210,161,77.469
210,171,80.558
200,161,75.265
200,171,78.301
200,151,72.098
210,141,70.517
210,151,74.179
170,151,64.504
170,161,67.53
180,161,70.294
180,151,67.118
190,151,69.706
190,161,72.892
180,131,60.234
190,131,62.443
190,141,66.182
200,141,68.391
160,151,61.712
170,141,61.262
180,141,63.764
130,121,43.455
140,131,49.587
150,141,55.718
160,141,58.652
140,111,42.788
150,121,48.972
160,121,51.592
160,131,55.156
170,131,57.776
130,111,40.049
140,121,46.263
150,131,52.476
120,101,34.034
130,101,36.592
100,91,25.44
110,101,31.412
120,111,37.383
110,81,24.502
110,91,28.104
120,91,30.568
120,81,26.728
130,91,32.716
120,71,22.819
80,81,17.689
90,91,22.755
90,71,17.19
100,81,22.474
110,71,21.017
80,71,15.03
90,81,20.22
100,71,19.118
70,51,7.8496
80,51,9.1619
70,71,12.573
60,51,6.4784
80,61,12.223
90,61,13.826
60,61,8.2951
70,61,10.57
40,61,3.7761
50,51,4.8364
50,61,6.2965
170,171,70.255
170,181,72.903
180,171,73.139
150,171,64.014
160,161,64.688
160,171,67.224
150,151,58.761
150,161,61.45
120,131,43.303
130,141,49.397
140,151,55.49
140,161,58.199
120,121,40.397
130,131,46.582
140,141,52.767
110,121,37.185
120,141,45.894
120,151,48.394
130,151,52.103
130,161,54.603
100,101,28.569
110,111,34.388
100,121,33.909
110,131,39.822
90,101,25.362
100,111,31.255
80,111,24.131
90,111,27.86
90,121,30.237
100,131,36.343
110,141,42.45
70,91,16.682
80,91,19.726
90,131,32.293
100,141,38.482
110,151,44.671
100,151,40.527
110,161,46.729
110,171,48.796
120,161,50.863
80,101,22.058
70,81,14.747
80,151,31.223
90,161,37.7
90,171,39.309
100,171,44.176
70,111,20.056
80,121,26.118
70,131,23.133
80,131,27.854
80,141,29.593
90,141,34.314
90,151,36.053
100,161,42.513
60,101,14.259
70,101,18.465
60,71,10.265
60,81,11.759
70,151,25.822
70,161,26.947
80,171,33.898
80,181,35.023
90,181,40.849
70,141,24.581
80,161,32.718
60,111,15.661
70,121,21.657
60,91,12.992
60,141,18.824
60,151,19.863
70,171,28.005
80,191,36.147
60,131,17.749
50,111,10.464
60,121,16.748
50,71,7.1264
50,81,8.1484
50,91,9.1703
50,121,11.455
50,131,11.991
40,141,5.9684
50,101,9.8712
40,71,4.1868
40,151,6.1521
40,121,5.2217
40,131,5.5966
40,101,4.989
40,111,5.2682
40,81,4.547
40,91,4.712
40,51,2.8596
10,81,1.7182
10,91,1.6495
20,71,1.8291
20,81,1.7605
20,91,1.6918
20,101,1.6231
30,51,2.0088
30,61,1.9401
30,71,1.8714
30,81,1.8027
30,91,1.734
30,101,1.6653
30,111,1.5966
10,121,1.5169
10,131,1.4832
20,121,1.5272
20,131,1.4935
20,141,1.4597
20,151,1.426
20,161,1.3922
30,121,1.5375
30,131,1.5037
30,141,1.47
30,151,1.4362
30,161,1.4025
30,171,1.3687
30,181,1.335
10,101,1.592
10,111,1.5543
20,111,1.5645
10,181,1.5334
10,191,1.5613
10,201,1.5891
10,211,1.6169
10,221,1.6447
20,181,1.4196
20,191,1.4474
20,201,1.4752
10,141,1.4545
10,151,1.4726
10,161,1.4907
10,171,1.5088
20,171,1.4012
570,421,23.808
570,431,23.099
570,441,22.391
550,201,42.955
550,211,43.665
560,161,32.356
570,451,21.589
560,401,32.728
560,411,31.889
560,421,31.05
550,361,43.132
550,371,42.473
560,381,34.14
560,391,33.481
540,211,50.348
540,221,51.096
540,191,48.546
550,171,40.1
550,181,41.232
530,391,53.694
540,411,45.185
550,421,37.689
550,431,36.676
560,441,29.18
560,451,28.167
540,381,48.37
550,381,41.631
550,391,40.69
550,401,39.75
550,411,38.809
560,431,30.189
540,351,50.994
550,341,44.428
550,351,43.785
540,201,49.548
530,411,51.083
530,421,49.641
540,431,42.556
550,441,35.472
530,401,52.401
540,421,43.939
540,321,52.721
540,331,52.148
540,341,51.575
530,381,54.819
540,391,47.394
540,401,46.245
540,361,50.208
540,371,49.307
520,211,62.162
520,221,63.152
530,201,55.712
530,211,56.702
520,401,58.057
520,411,56.564
520,381,60.57
520,391,59.412
530,331,58.7
530,341,58.159
520,371,61.64
530,371,55.862
530,351,57.483
530,361,56.721
520,231,63.933
520,241,64.699
510,371,67.13
510,381,65.863
510,391,64.597
530,321,59.209
520,351,63.478
520,361,62.569
510,231,69.477
510,241,70.08
510,251,70.682
500,371,72.023
500,381,70.785
520,321,65.422
520,331,64.964
510,351,69.1
510,361,68.33
520,341,64.351
510,311,71.614
520,311,65.875
490,251,80.326
500,241,74.942
500,251,75.623
500,261,76.305
500,271,76.696
500,281,76.852
500,351,74.193
500,361,73.119
510,321,71.132
510,331,70.5
510,341,69.868
500,291,76.897
510,291,71.821
510,301,71.751
490,261,80.951
490,271,81.342
490,351,78.675
490,361,77.69
490,321,81.121
500,321,76.212
500,331,75.703
470,281,89.813
480,271,85.503
480,281,85.775
490,311,81.353
500,301,76.775
500,311,76.555
480,291,86.04
490,281,81.651
480,341,84.113
490,331,80.456
490,341,79.631
500,341,75.15
470,291,89.988
470,301,89.806
490,291,81.732
490,301,81.565
470,321,89.189
470,331,88.657
480,331,84.787
470,311,89.553
480,301,86.028
480,311,85.671
480,321,85.314
510,201,66.21
510,211,67.376
510,221,68.543
520,201,61.013
500,211,72.011
500,221,73.193
500,191,69.239
490,221,77.751
490,231,78.617
490,241,79.483
500,231,74.141
490,201,75.045
490,211,76.484
500,201,70.722
480,191,76.99
490,191,73.342
480,231,82.846
480,241,83.737
480,251,84.627
470,261,88.898
470,271,89.385
480,261,85.183
470,211,83.839
480,211,80.295
460,211,87.365
470,201,82.288
480,201,78.811
460,321,93.02
460,331,92.174
460,341,91.329
470,341,87.885
470,241,87.611
460,291,93.512
460,301,93.374
460,311,93.236
460,261,92.36
460,271,92.887
470,251,88.404
460,221,88.66
460,231,89.909
470,221,85.158
470,231,86.407
480,221,81.657
450,201,88.351
460,201,85.49
440,331,98.16
450,331,95.25
450,341,94.558
450,301,96.635
450,311,96.437
460,241,91.091
460,251,91.762
450,271,96.261
460,281,93.376
440,231,95.71
450,221,91.58
450,231,92.842
440,221,94.247
450,211,90.019
440,311,99.322
440,321,98.783
450,321,95.916
440,291,99.5
440,301,99.626
450,291,96.801
440,251,97.69
450,251,94.847
450,261,95.68
440,281,99.291
450,281,96.56
440,241,96.738
450,241,93.974
430,211,94.954
430,221,96.65
440,211,92.587
420,201,95.213
430,201,93.047
440,201,90.882
430,311,101.91
430,321,101.54
430,291,102.15
430,301,102.11
430,261,100.98
440,261,98.429
430,271,101.53
430,281,102.01
440,271,98.966
420,241,101.28
430,231,98.086
430,241,99.204
420,221,98.749
420,231,100.12
390,221,103.52
400,211,100.25
410,211,98.719
420,211,97.189
420,311,104.19
420,321,103.7
410,291,106.34
420,291,104.34
420,301,104.35
420,261,103.16
420,281,104.2
420,251,102.29
430,251,100.29
400,221,101.97
410,221,100.41
410,231,102.02
410,301,106.26
410,311,106.17
410,271,105.68
410,281,106.18
420,271,103.8
400,251,105.91
410,241,103.26
410,251,104.26
390,231,105
400,231,103.56
400,241,104.87
390,301,109.59
400,291,108.09
400,301,107.99
390,271,108.87
400,271,107.3
400,281,107.88
410,261,105.16
390,261,108.15
400,261,106.67
380,241,107.27
380,251,108.4
390,241,106.28
390,281,109.25
390,291,109.51
360,241,108.81
360,251,110.08
370,241,108.1
370,251,109.38
380,231,106.12
380,261,109.3
390,251,107.34
370,281,111.47
380,281,110.44
380,291,110.72
370,291,111.67
350,251,110.56
350,261,111.34
350,271,112.12
360,261,110.96
370,261,110.38
370,271,111.02
380,271,110.07
350,281,112.79
350,291,113.09
360,281,112.24
360,291,112.54
360,271,111.67
610,521,0
610,531,0
610,541,0
620,481,0
620,491,0
620,501,0
620,511,0
620,521,0
620,531,0
630,441,0
630,451,0
630,461,0
630,471,0
630,481,0
630,491,0
630,501,0
630,511,0
630,521,0
630,531,0
610,421,0
620,411,0
620,421,0
630,401,0
630,411,0
630,421,0
630,431,0
610,361,0
610,371,0
620,351,0
620,361,0
620,371,0
620,381,0
630,341,0
630,351,0
630,361,0
630,371,0
630,381,0
630,391,0
610,431,0
610,441,0
610,451,0
610,461,0
610,471,0
610,481,0
610,491,0
610,501,0
610,511,0
620,431,0
620,441,0
620,451,0
620,461,0
620,471,0
610,381,0
610,391,0
610,401,0
610,411,0
620,391,0
620,401,0
600,381,0
600,391,0
600,401,0
600,411,0
600,421,0
600,431,0
600,441,0
600,451,0
600,461,0
600,471,0
600,481,0
590,501,5.3041
590,491,5.6804
580,491,12.281
580,501,11.584
580,471,13.477
580,481,12.84
590,481,6.0828
560,481,24.647
570,481,18.827
570,491,17.886
530,431,48.202
540,441,41.138
540,451,39.834
550,451,34.075
550,461,32.77
570,461,20.748
560,461,27.027
560,471,25.757
570,471,20.066
580,571,4.0472
590,571,1.6509
610,571,0
610,581,0
620,561,0
620,571,0
620,581,0
620,591,0
630,541,0
630,551,0
630,561,0
630,571,0
630,581,0
630,591,0
630,601,0
610,601,0
620,611,0
630,611,0
630,621,0.094041
580,621,0.2338
590,601,0
590,611,0
590,621,0.20491
600,601,0
600,611,0
600,621,0.17602
610,611,0
610,621,0.14713
620,621,0.11823
560,571,7.3138
570,571,6.0333
600,581,0
600,591,0
610,591,0
620,601,0
570,601,0
570,611,0.075549
580,601,0
580,611,0.014297
560,581,4.2408
570,581,3.1365
580,581,2.0322
590,581,0.67032
570,591,0.0018832
580,591,0
590,591,0
540,591,1.2563
550,591,1.0872
560,591,0.91807
480,601,0
490,601,0
490,611,0
500,601,0
500,611,0
520,621,0.08313
530,621,0.11747
540,611,0
540,621,0.1518
550,611,0.0091505
550,621,0.18614
560,601,0
560,611,0.043487
560,621,0.22048
570,621,0.25481
510,601,0
510,611,0
510,621,0.02155
520,601,0
520,611,0
530,601,0
530,611,0
540,601,0
550,601,0
530,591,1.471
500,581,8.9521
510,581,8.2634
410,551,36.089
440,561,27.015
460,571,18.725
470,571,17.942
480,571,17.159
490,581,9.6512
490,591,2.7702
500,591,2.4877
510,591,2.2052
520,591,1.9227
420,561,28.48
430,561,27.766
450,571,19.442
480,581,10.405
480,591,3.0612
420,571,21.051
430,571,20.586
440,571,20.098
450,581,11.873
460,581,11.385
470,581,10.897
450,591,3.7691
460,591,3.5706
470,591,3.3721
390,571,22.214
400,571,21.839
410,571,21.464
430,581,12.72
440,581,12.345
400,591,4.519
410,591,4.3707
420,591,4.2223
430,591,4.0739
440,591,3.9256
410,581,13.357
420,581,13.041
390,591,4.7195
400,581,13.631
360,581,14.162
370,581,14.067
380,581,13.972
380,591,4.944
390,581,13.877
330,591,4.7663
340,581,14.143
340,591,4.813
350,581,14.189
350,591,4.8598
360,591,4.9065
370,591,4.9533
310,581,14.189
320,581,14.171
320,591,4.7264
330,581,14.153
290,591,5.4186
300,591,5.0902
310,591,4.7617
300,581,14.126
300,571,22.616
310,571,22.678
320,571,22.74
290,581,14.064
260,571,21.725
270,571,21.984
280,561,29.908
280,571,22.242
290,571,22.458
270,581,14.006
270,591,5.4938
280,581,14.072
280,591,5.5591
230,581,13.389
250,571,21.582
240,581,13.491
250,581,13.679
260,581,13.867
200,591,5.1719
210,591,5.2161
220,591,5.2603
230,591,5.3046
240,591,5.3488
250,591,5.393
260,591,5.4372
430,331,100.99
430,341,99.959
430,351,98.927
440,341,97.358
410,341,104.1
420,331,102.99
420,341,102.19
420,351,101.4
380,361,106.36
380,371,104.88
390,371,103.74
400,341,105.99
400,351,104.85
400,361,103.71
410,351,103.16
400,331,106.79
410,321,105.64
410,331,104.89
370,351,108.98
380,351,107.68
390,341,107.58
390,351,106.38
390,361,105.18
390,321,108.96
390,331,108.51
400,321,107.49
390,311,109.33
400,311,107.89
380,321,110.39
380,331,109.6
380,341,108.8
360,301,112.74
370,301,111.84
380,301,110.93
380,311,110.7
360,331,111.43
370,331,110.54
370,341,109.8
360,311,112.44
360,321,112.13
370,311,111.6
370,321,111.29
350,331,112.15
350,341,111.24
360,341,110.61
340,311,113.53
350,311,113.08
350,321,112.88
340,291,113.42
340,301,113.51
350,301,113.19
340,321,113.13
340,331,112.54
320,291,113.35
330,291,113.41
330,301,113.61
320,331,112.71
330,321,113.26
330,331,112.63
310,301,113.26
310,311,113.23
320,301,113.52
320,311,113.49
330,311,113.75
310,321,112.95
320,321,113.19
300,301,112.55
300,321,112.18
290,301,111.83
290,311,111.61
290,321,111.38
300,311,112.61
270,291,109.33
270,301,109.52
270,311,109.35
280,301,110.7
280,311,110.54
280,321,110.38
260,331,107.3
260,341,106.35
260,351,105.4
270,331,108.7
260,311,107.97
260,321,107.67
270,321,109.11
230,371,97.843
240,361,101.19
240,371,99.74
240,351,102.28
250,341,104.9
250,351,103.93
250,361,102.97
240,311,104.69
250,311,106.35
250,321,106.13
260,301,108.24
220,361,96.991
220,371,95.704
230,361,99.226
230,331,101.92
230,341,101.16
240,331,103.87
240,341,103.11
250,331,105.82
230,321,102.41
240,321,104.33
220,291,100.49
230,291,102.59
230,301,102.75
240,281,104.52
210,361,94.67
220,341,98.855
220,351,97.936
230,351,100.28
220,301,100.47
220,311,100.32
230,311,102.65
210,341,96.447
210,351,95.572
220,331,99.754
210,301,98.119
210,311,97.959
220,321,100.16
180,331,88.521
180,341,87.882
180,351,87.244
190,341,91.009
200,331,94.667
210,321,97.771
210,331,97.238
190,321,92.112
190,331,91.609
200,321,95.181
340,261,111.62
340,271,112.44
330,231,108.29
330,241,109.46
330,251,110.62
330,261,111.79
340,241,109.57
340,251,110.74
320,281,112.89
330,271,112.6
330,281,113.07
340,281,113.24
310,241,109.19
320,241,109.32
320,251,110.5
310,271,111.95
310,281,112.52
320,271,112.37
310,251,110.2
310,261,111.16
320,261,111.6
300,221,105.52
300,231,107.2
300,271,111.46
300,281,111.91
310,291,113.05
290,281,111.21
290,291,111.55
300,291,112.3
300,241,108.56
300,251,109.59
300,261,110.62
280,261,108.89
290,271,110.6
270,281,109.06
280,281,110.16
280,291,110.52
280,251,107.95
290,241,107.76
290,251,108.78
290,261,109.8
270,271,108.47
280,271,109.59
280,231,105.64
280,241,106.85
250,261,104.92
260,261,106.37
260,271,107.1
270,261,107.81
280,221,103.75
290,231,106.61
260,231,103.07
270,231,104.42
270,241,105.68
270,251,106.93
250,241,102.85
250,251,104.02
260,241,104.3
260,251,105.48
260,221,101.36
270,201,98.934
270,211,100.79
270,221,102.64
230,231,97.976
240,231,99.805
240,241,101.11
250,231,101.63
250,211,98.058
250,221,99.998
260,201,97.526
260,211,99.466
240,211,96.436
240,221,98.187
220,211,92.336
230,211,94.422
230,221,96.336
210,211,90.172
220,221,94.237
210,221,91.949
210,231,93.339
190,221,86.482
200,221,89.306
200,231,90.801
180,241,86.176
190,241,89.241
190,251,90.37
180,221,83.6
180,231,84.913
190,231,87.959
170,251,83.828
170,261,84.675
180,251,87.178
160,221,76.956
170,221,80.369
170,231,81.776
160,241,79.368
160,251,80.243
170,241,82.97
160,231,78.27
150,271,77.652
160,271,81.535
160,281,81.806
160,291,82.078
160,301,82.349
150,251,76.469
150,261,77.13
160,261,81.024
140,241,71.541
150,231,74.542
150,241,75.661
150,281,77.922
140,251,72.313
130,271,68.943
140,271,73.515
130,251,67.876
130,261,68.414
140,261,72.996
250,191,93.615
250,201,96.049
230,191,90.04
240,191,92.103
240,201,94.466
210,181,83.551
210,191,85.905
220,191,87.975
220,201,90.329
230,201,92.398
190,191,80.82
200,191,83.365
210,201,88.211
190,201,82.992
200,201,85.624
200,211,87.619
190,171,75.916
190,181,78.37
200,181,81.005
180,211,82.05
190,211,84.838
180,181,75.675
180,191,78.148
180,201,80.178
150,181,66.216
150,191,68.382
160,181,69.652
160,191,71.761
160,201,73.683
170,191,75.05
170,201,76.972
130,171,56.861
140,171,60.588
140,181,62.676
150,201,70.292
160,211,75.387
170,211,78.858
130,181,58.885
140,191,64.726
120,171,52.907
120,181,54.87
130,191,60.882
140,201,66.449
150,211,71.915
120,191,56.551
130,201,62.45
130,211,63.915
140,211,67.948
110,201,53.494
120,201,58.064
130,221,65.145
130,231,66.283
140,221,69.283
140,231,70.421
150,221,73.42
110,211,54.784
110,221,55.889
120,211,59.486
100,181,45.777
100,191,47.23
110,181,50.589
110,191,52.042
120,221,60.573
120,231,61.633
100,201,48.452
110,231,56.722
110,241,57.411
120,241,62.363
90,191,41.971
90,201,43.003
100,211,49.501
90,211,44.02
100,221,50.473
100,231,51.343
90,251,46.587
100,251,52.661
90,261,47.026
90,221,44.781
90,231,45.434
90,241,46.086
100,241,52.133
80,251,40.11
80,261,40.397
80,271,40.683
80,221,38.603
80,231,39.294
70,261,33.201
70,271,33.271
60,161,20.753
70,181,28.909
70,191,29.744
80,201,37.064
80,211,37.899
70,241,32.555
70,251,32.922
80,241,39.809
70,231,32.188
50,151,13.095
50,161,13.761
60,171,21.489
60,181,22.154
70,201,30.548
50,171,14.379
60,191,22.771
60,201,23.328
70,211,31.163
70,221,31.72
60,251,25.059
60,261,25.153
50,141,12.449
60,211,23.844
60,221,24.193
60,231,24.543
60,241,24.893
50,231,16.216
40,211,7.1532
40,221,7.2542
40,231,7.3553
40,241,7.4563
40,251,7.5573
40,261,7.6584
50,241,16.439
40,161,6.2212
40,171,6.4076
40,181,6.594
40,191,6.7804
40,201,6.9888
50,181,14.742
50,191,15.043
50,201,15.344
50,211,15.645
50,221,15.946
10,231,1.6459
20,211,1.4876
20,221,1.485
20,231,1.4823
20,241,1.4797
30,191,1.3293
30,201,1.3267
30,211,1.3241
30,221,1.3214
30,231,1.3188
30,241,1.3162
10,291,1.6368
10,301,1.6323
20,271,1.475
20,281,1.4705
20,291,1.466
20,301,1.4615
20,311,1.457
30,251,1.3133
30,261,1.3088
30,271,1.3043
30,281,1.2997
10,241,1.6436
10,251,1.6425
10,261,1.6414
10,271,1.6402
10,281,1.6391
20,251,1.4782
20,261,1.4771
590,511,5.1095
590,521,4.9289
570,521,14.35
580,521,9.692
590,531,4.4089
570,501,16.988
570,511,15.538
580,511,10.777
520,431,53.345
530,441,46.629
560,491,23.41
560,501,21.9
530,451,44.902
540,461,38.162
540,471,36.474
550,471,31.423
550,481,29.735
510,401,63.202
510,411,61.632
520,421,55.046
550,491,28.109
560,511,20.364
510,431,58.137
510,441,56.239
520,441,51.615
520,451,49.717
530,461,43.194
530,471,41.296
540,481,34.774
500,411,66.25
550,501,26.454
550,511,24.484
500,441,60.602
510,451,54.182
520,461,47.762
500,421,64.506
510,421,60.02
500,391,69.367
500,401,67.846
540,511,28.433
540,521,25.969
540,531,23.505
510,461,52.03
520,471,45.606
530,481,39.182
530,491,37.116
540,491,32.758
540,501,30.692
500,431,62.649
490,381,75.287
490,391,73.761
490,401,72.235
480,351,83.128
480,361,82.009
480,371,80.891
490,371,76.675
500,451,58.39
510,471,49.662
520,481,43.411
530,501,34.683
490,411,70.632
490,421,68.66
490,431,66.688
480,391,77.835
480,401,76.231
470,361,85.812
490,451,62.195
500,461,55.928
500,471,53.468
510,481,47.201
520,491,40.934
480,411,74.586
490,441,64.564
470,381,83.144
470,391,81.546
480,381,79.438
470,371,84.579
460,351,90.415
470,351,86.936
490,461,59.717
490,471,57.056
500,481,50.835
510,491,44.613
520,501,38.391
470,411,78.027
470,421,75.872
480,421,72.437
480,431,70.281
480,441,68.126
470,401,79.853
450,371,91.012
460,371,88.01
460,381,86.607
440,371,94.014
450,361,92.373
460,361,89.386
480,461,63.022
480,471,60.202
470,431,73.67
470,441,71.385
450,391,87.944
450,401,86.141
460,391,84.982
460,401,83.179
440,381,92.444
450,381,89.559
430,361,97.806
440,351,96.32
440,361,95.189
450,351,93.703
470,451,68.842
470,461,66.072
470,471,63.301
480,451,65.832
450,421,82.064
460,421,79.108
460,431,76.824
450,411,84.114
460,411,81.352
430,381,94.747
440,391,90.778
420,361,100.08
420,371,98.545
420,381,97.011
430,371,96.344
450,461,71.449
460,451,71.713
460,461,68.836
440,441,79.598
450,431,79.662
450,441,77.067
460,441,74.535
440,401,88.827
440,411,86.75
420,391,95.316
430,391,93.061
430,401,91.245
410,361,101.96
410,371,100.5
410,381,99.042
440,451,76.828
450,451,74.303
430,411,89.235
430,421,86.828
440,421,84.572
440,431,82.164
410,401,95.198
420,401,93.414
390,381,102.14
400,371,102.36
400,381,100.6
420,451,80.692
430,451,78.804
420,421,88.84
420,431,86.365
430,431,84.387
410,411,93.084
410,421,90.791
420,411,91.279
390,391,100.3
400,391,98.768
400,401,96.832
410,391,97.237
410,431,88.201
410,441,85.411
420,441,83.634
430,441,81.856
400,421,92.33
380,401,99.465
390,401,98.231
390,431,91.089
400,431,89.685
400,441,86.876
380,411,97.314
380,421,94.919
390,411,96.069
390,421,93.674
400,411,94.823
380,441,89.247
380,451,86.143
390,441,88.088
390,451,84.983
360,421,96.467
370,421,95.706
360,441,90.959
370,441,90.115
380,431,92.269
360,431,93.737
370,431,93.007
610,551,0
610,561,0
620,541,0
620,551,0
600,561,0.0074725
600,571,0.13075
600,491,0
600,501,0
600,511,0
600,521,0
600,531,0.083265
600,541,0.16691
600,551,0
580,541,7.9255
590,541,3.681
590,551,3.2061
590,561,2.7311
580,551,7.0508
570,561,7.8587
580,561,5.574
560,541,14.806
570,541,11.422
570,551,9.7837
560,551,12.688
550,551,15.378
540,551,17.689
560,561,10.231
540,561,14.325
550,561,12.26
530,551,19.837
550,571,8.9167
550,581,4.9421
520,551,21.956
530,571,11.66
540,571,10.445
520,561,17.722
530,561,15.982
530,581,6.7265
540,581,5.9359
510,561,19.281
510,571,14.166
520,581,7.5321
450,531,43.558
470,541,35.413
490,551,27.269
500,551,25.696
500,561,20.698
520,571,13.02
490,571,16.226
500,571,15.26
450,541,38.225
460,541,36.877
480,551,28.818
470,551,30.149
490,561,22.064
440,551,33.517
470,561,24.333
420,551,35.245
430,551,34.401
450,561,26.211
460,561,25.367
430,531,46.136
440,531,44.933
430,541,40.505
440,541,39.403
450,551,32.433
460,551,31.331
480,561,23.259
400,541,42.976
410,541,42.275
390,521,55.277
390,531,49.796
420,531,47.234
400,531,48.972
410,531,48.134
420,541,41.491
400,561,29.639
410,561,29.102
370,521,56.356
380,521,55.907
380,541,44.127
390,541,43.558
390,551,37.005
400,551,36.563
360,531,51.047
370,531,50.648
380,531,50.249
380,571,22.567
360,551,38.061
370,551,37.745
380,551,37.43
360,541,44.73
370,541,44.603
350,571,22.839
360,571,22.765
370,571,22.692
360,561,30.778
370,561,30.557
380,561,30.336
390,561,30.115
330,541,44.97
340,531,51.339
340,541,44.909
350,531,51.278
350,541,44.847
330,571,22.781
340,571,22.813
340,551,38.232
350,551,38.24
350,561,30.909
320,541,44.908
320,551,38.114
330,551,38.183
320,561,30.693
330,561,30.773
340,561,30.853
300,551,37.641
310,541,44.69
310,551,37.933
290,561,30.152
300,561,30.382
310,561,30.611
280,541,43.532
290,531,50.299
290,541,43.946
300,541,44.36
280,551,37.013
290,551,37.335
270,541,43.015
280,531,49.871
220,581,13.193
240,571,21.145
260,561,29.096
270,561,29.566
200,581,12.336
210,571,19.813
210,581,12.694
220,571,20.171
230,561,27.648
240,561,28.005
230,571,20.613
250,561,28.577
260,551,35.962
270,551,36.542
460,611,0.072933
460,621,0.28066
470,601,0
470,611,0.025627
470,621,0.23335
480,611,0
480,621,0.18605
490,621,0.13874
500,621,0.091436
420,621,0.41935
430,611,0.048433
430,621,0.37091
440,611,0
440,621,0.32246
440,601,0
450,601,0
450,611,0.02946
450,621,0.28833
460,601,0
390,601,0
400,601,0
400,611,0.19374
410,601,0
410,611,0.14531
410,621,0.46778
420,601,0
420,611,0.096871
430,601,0
370,621,0.49709
380,611,0.22025
380,621,0.4898
390,611,0.21296
390,621,0.4825
400,621,0.4752
320,601,0.46031
330,601,0.37686
340,601,0.2934
340,611,0.50342
350,601,0.20995
350,611,0.41997
360,601,0.1265
360,611,0.33652
360,621,0.54654
370,601,0.043046
370,611,0.25307
380,601,0
300,621,0.84472
310,621,0.79891
320,621,0.7531
330,621,0.7073
340,621,0.66149
330,611,0.57194
350,621,0.61749
290,611,0.57387
290,621,0.85664
300,611,0.56342
310,611,0.55297
320,611,0.54252
300,601,0.28243
310,601,0.50717
280,601,0.61438
280,611,0.7814
290,601,0.39639
220,621,1.2488
230,621,1.1978
240,621,1.1468
250,611,0.96267
250,621,1.0959
260,611,0.91171
260,621,1.0449
270,601,0.72753
270,611,0.86074
270,621,0.99394
280,621,0.94297
180,601,1.5284
190,601,1.4394
190,611,1.4675
200,601,1.3504
200,611,1.3786
200,621,1.4067
210,601,1.2614
210,611,1.2896
210,621,1.3177
220,601,1.1724
220,611,1.2006
230,601,1.0834
230,611,1.1116
240,601,0.99444
240,611,1.0226
250,601,0.90545
260,601,0.81646
220,561,26.921
230,551,33.964
240,541,41.007
240,551,34.696
250,551,35.429
190,571,18.553
200,561,25.61
200,571,19.17
210,561,26.227
220,551,33.284
190,581,12.098
190,591,5.234
370,391,102.51
370,401,100.46
380,391,101.56
340,441,91.667
350,431,94.299
350,441,91.367
360,401,101.18
360,411,98.883
370,411,98.26
360,371,106.82
360,381,105.13
370,381,104.26
360,361,108.43
370,361,107.45
370,371,105.89
380,381,103.36
330,431,94.694
340,431,94.557
350,401,101.74
350,411,99.471
350,421,97.203
340,381,106.12
340,391,104.13
340,401,102.13
350,391,103.78
350,371,107.41
350,381,105.66
360,391,103.42
350,351,110.11
360,351,109.59
310,441,91.411
320,431,94.737
320,441,91.652
330,441,91.892
330,421,97.411
340,411,99.885
340,421,97.309
320,391,104.34
330,391,104.26
330,401,102.24
340,361,109.18
340,371,107.74
340,341,111.74
340,351,110.48
350,361,108.88
300,431,93.933
300,441,90.981
310,431,94.375
320,401,102.14
320,411,99.778
320,421,97.415
330,411,99.886
320,381,106.09
330,381,106.22
320,371,107.75
330,361,109.42
330,371,107.85
330,341,111.8
330,351,110.83
290,431,93.478
300,411,99.282
300,421,96.626
310,421,97.119
310,401,101.94
310,411,99.561
290,381,104.69
300,381,105.27
310,381,105.85
310,391,104.03
310,361,108.99
310,371,107.58
320,361,109.28
310,341,111.45
310,351,110.33
320,341,111.75
320,351,110.62
290,411,98.622
290,421,96.064
290,391,102.79
300,391,103.41
300,401,101.44
280,331,109.98
290,331,110.76
290,341,110
300,331,111.54
310,331,112.32
290,371,106.27
300,361,108.5
300,371,106.93
300,341,110.77
300,351,109.9
270,421,94.265
280,421,95.229
290,401,100.76
260,361,104.44
270,341,107.75
270,351,106.77
280,341,109.1
280,351,108.13
290,351,109.13
290,361,107.7
270,411,96.645
280,411,97.834
270,391,100.95
270,401,98.866
280,391,102.01
280,401,99.928
270,361,105.6
270,371,104.2
280,361,106.73
280,371,105.32
280,381,103.92
250,411,94.092
260,401,97.671
260,411,95.428
260,371,103.04
260,381,101.41
260,391,99.777
270,381,102.68
240,391,96.601
250,391,98.228
250,401,96.217
250,371,101.63
250,381,99.941
230,401,92.71
240,401,94.562
240,411,92.514
230,381,96.391
240,381,98.29
220,401,90.753
230,391,94.651
210,391,90.26
220,391,92.572
210,371,93.432
210,381,91.899
220,381,94.352
190,351,90.17
200,341,94.014
200,351,93.049
200,361,92.084
190,381,86.549
200,371,90.839
200,381,89.353
180,361,86.146
190,361,89.133
190,371,87.942
240,291,104.65
240,301,104.75
250,291,106.39
250,301,106.5
250,281,106.14
260,281,107.71
260,291,108
250,271,105.57
220,241,96.971
220,251,98.033
230,241,99.159
230,251,100.22
240,251,102.41
230,271,101.91
240,261,103.27
240,271,103.94
200,241,92.198
210,241,94.6
210,251,95.772
220,231,95.829
220,261,99.037
230,261,101.22
220,271,99.774
220,281,100.15
230,281,102.35
200,251,93.155
200,271,94.659
210,261,96.694
210,271,97.241
210,281,97.695
200,261,93.963
190,291,92.528
200,281,95.147
200,291,95.292
210,291,98.057
180,261,87.986
180,271,88.56
190,261,91.173
190,271,91.747
200,301,95.388
200,311,95.469
180,281,88.959
190,281,92.217
180,321,88.946
190,301,92.583
190,311,92.363
170,271,85.303
170,281,85.505
170,291,85.707
180,291,89.234
150,361,75.422
160,351,79.962
170,351,83.637
150,311,78.211
150,321,77.863
170,301,85.88
170,311,85.744
180,301,89.295
180,311,89.158
160,341,80.814
170,331,85.156
170,341,84.418
160,311,82.134
160,321,81.765
160,331,81.395
170,321,85.581
150,291,78.179
150,301,78.204
140,291,73.969
140,301,73.985
130,281,69.247
130,291,69.443
140,281,73.944
120,281,64.402
120,291,64.483
120,301,64.564
110,251,58.074
120,251,63.022
120,261,63.678
130,241,67.314
110,281,59.127
110,291,59.287
110,261,58.545
110,271,58.925
120,271,64.29
100,301,53.678
100,311,53.486
100,321,53.295
100,291,53.68
110,301,59.393
100,261,53.05
100,271,53.437
90,321,47.218
100,281,53.609
90,311,47.36
90,271,47.272
90,281,47.385
80,321,40.482
80,331,40.156
90,291,47.473
90,301,47.438
80,281,40.839
80,291,40.797
80,301,40.755
80,311,40.713
70,321,33.051
70,331,32.808
70,341,32.564
70,281,33.34
70,291,33.404
70,301,33.343
70,311,33.231
60,291,25.352
60,301,25.249
60,311,25.147
60,271,25.239
60,281,25.31
60,321,25.015
40,271,7.3814
50,251,16.46
50,261,16.473
50,271,16.485
50,281,16.498
50,291,16.495
50,301,16.468
40,281,7.3768
40,291,7.3703
40,301,7.3638
40,311,7.3572
50,311,16.447
40,351,7.0805
50,331,16.258
50,341,16.076
50,351,15.894
40,321,7.3086
40,331,7.251
40,341,7.1934
50,321,16.413
90,371,44.656
90,381,43.892
70,431,27.19
80,411,35.189
70,411,28.841
70,421,28.043
80,371,38.415
80,381,37.617
80,391,36.818
80,401,36.02
70,391,30.133
70,401,29.512
50,461,12.515
60,441,20.162
60,451,19.415
60,411,21.884
60,421,21.256
60,431,20.627
60,401,22.38
50,441,13.452
50,451,13.032
40,411,6.6265
50,401,14.79
50,411,14.468
50,421,14.145
40,451,6.0657
50,431,13.87
40,421,6.4578
40,431,6.395
40,441,6.3321
30,291,1.3044
30,301,1.311
30,311,1.3177
30,321,1.3243
30,331,1.331
20,351,1.5308
30,341,1.4714
10,311,1.6233
10,321,1.5988
10,331,1.5742
10,341,1.5497
10,351,1.5251
20,321,1.4509
20,331,1.4264
20,341,1.4018
580,531,8.8544
560,531,16.622
570,531,13.2
550,521,22.522
560,521,18.544
550,531,20.378
500,491,48.072
510,501,41.781
520,511,35.49
520,521,32.582
540,541,20.576
550,541,17.84
530,511,32.179
530,521,29.411
490,491,51.153
500,501,44.964
510,511,38.776
530,531,26.509
480,501,50.529
490,501,47.92
500,511,41.581
480,481,57.267
490,481,54.266
490,511,44.36
510,521,35.453
520,531,29.424
470,481,60.04
480,491,54.061
500,521,38.227
510,531,32.015
520,541,25.804
530,541,23.332
460,491,59.04
470,491,56.606
470,501,53.028
480,511,46.799
490,521,40.569
450,471,68.202
450,481,64.838
460,471,65.833
460,481,62.469
480,531,38.514
490,541,32.202
500,541,30.148
510,551,23.835
460,501,55.16
460,511,51.025
470,511,48.919
470,521,44.785
480,521,42.679
490,531,36.438
500,531,34.332
510,541,28.091
430,471,72.398
440,471,70.368
440,481,66.921
410,451,82.574
420,461,77.509
430,461,75.647
440,461,73.785
460,521,46.848
460,531,41.95
470,531,40.337
480,541,33.826
440,501,58.928
450,491,61.37
450,501,57.144
450,511,52.919
430,481,68.729
430,491,64.823
440,491,63.106
400,471,77.074
410,461,79.105
410,471,75.615
420,471,74.157
440,521,49.904
450,521,48.391
430,501,60.664
430,511,56.107
440,511,54.555
410,481,71.746
420,481,70.313
420,491,66.412
390,461,81.655
400,451,83.818
400,461,80.477
420,521,52.464
430,521,51.254
410,501,63.261
420,501,62.076
400,481,73.003
400,491,68.881
410,491,67.653
380,461,82.704
380,471,79.073
390,471,78.131
350,461,84.624
360,451,87.57
370,451,87.035
410,511,58.618
410,521,53.608
420,511,57.518
400,501,64.436
390,481,74.12
390,491,70.099
340,451,88.374
350,451,88.033
360,461,84.071
370,461,83.487
400,511,59.68
400,521,54.487
380,501,66.1
390,501,65.375
360,481,76.305
370,481,75.675
380,481,75.045
330,461,84.866
340,461,84.834
350,471,80.814
360,471,80.352
370,471,79.891
380,511,61.24
390,511,60.518
360,491,71.922
370,491,71.33
370,501,66.744
380,491,70.738
330,471,81.231
340,471,81.041
350,481,76.759
360,521,56.761
370,511,61.824
340,501,67.773
350,491,72.36
350,501,67.506
360,501,67.24
330,481,76.952
330,491,72.511
340,481,76.945
340,491,72.505
330,501,68.026
340,511,62.541
350,511,62.342
350,521,57.057
360,511,62.143
310,491,72.165
320,481,76.842
320,491,72.363
320,511,62.518
330,511,62.559
340,521,57.125
320,521,56.912
320,531,51.141
330,521,57.053
330,531,51.282
300,491,71.876
310,501,67.339
310,511,62.433
320,501,67.707
300,521,56.447
300,531,50.617
310,521,56.745
310,531,50.916
290,501,66.469
300,501,66.934
300,511,61.989
280,511,60.907
290,511,61.453
290,521,56.034
250,541,41.698
260,541,42.378
260,521,53.962
270,521,54.722
280,521,55.482
250,531,47.614
260,531,48.397
270,531,49.179
310,451,88.196
320,451,88.339
320,461,84.769
330,451,88.482
300,471,80.404
300,481,76.243
310,471,80.796
310,481,76.636
280,481,74.968
290,471,79.871
290,481,75.649
300,461,84.249
310,461,84.561
320,471,81.152
270,461,81.957
270,471,78.111
280,461,82.866
280,471,79.02
260,471,77.071
290,461,83.616
300,451,87.841
250,471,75.945
260,461,80.906
280,441,89.542
280,451,86.298
290,441,90.323
290,451,87.079
240,461,78.212
250,461,79.572
260,441,87.481
270,441,88.513
270,451,85.504
260,431,90.431
270,431,91.48
280,431,92.529
230,471,72.981
240,471,74.633
240,451,81.607
250,441,86.174
250,451,82.968
260,451,84.328
250,421,91.685
260,421,93.15
220,461,74.824
220,471,71.282
230,461,76.605
230,441,82.819
240,441,84.507
230,431,85.682
240,421,90.072
240,431,87.352
250,431,89.021
220,441,81.039
220,451,78.054
230,451,79.889
220,411,88.721
220,421,86.364
220,431,84.006
230,411,90.653
230,421,88.296
200,441,76.722
210,441,78.96
210,451,76.132
200,431,79.456
210,421,84.112
210,431,81.734
200,401,85.932
210,401,88.433
190,441,74.378
190,451,71.475
200,451,73.831
190,411,81.349
200,411,83.859
200,421,81.696
210,411,86.368
190,391,84.98
190,401,83.347
200,391,87.867
170,451,66.245
180,441,71.637
180,451,69.022
180,421,76.363
190,421,79.159
190,431,76.923
180,381,83.709
180,391,82.02
180,401,80.332
170,381,80.304
170,391,78.882
170,431,71.207
170,441,68.791
180,431,74.073
170,401,77.197
170,411,75.354
170,421,73.512
180,411,78.523
160,381,76.879
160,391,75.363
160,401,73.848
150,441,62.455
160,431,68.05
160,441,65.75
150,411,68.57
160,411,71.997
150,421,66.598
150,431,64.586
160,421,70.097
130,431,57.21
140,421,62.961
140,431,61
140,441,59.04
130,421,58.93
110,391,53.92
110,401,52.764
110,411,51.607
120,381,60.083
130,411,60.551
140,411,64.676
120,391,58.849
120,401,57.564
130,391,63.514
90,471,32.971
100,461,39.054
110,441,46.949
110,451,45.137
120,431,53.032
120,441,51.219
90,421,39.922
90,431,38.667
100,401,47.669
100,411,46.414
100,421,45.159
120,411,56.173
120,421,54.721
130,401,62.151
80,481,26.82
100,451,40.712
90,441,37.391
90,461,34.486
100,441,42.294
110,421,50.101
110,431,48.514
70,481,21.95
70,471,23.324
80,451,30.902
80,461,29.62
90,451,36.001
100,431,43.839
80,471,28.185
210,551,32.4
230,541,40.132
240,531,46.8
180,551,29.288
180,561,23.644
190,551,30.323
190,561,24.679
200,551,31.358
210,541,38.038
220,541,39.073
230,531,45.752
170,611,1.6094
170,621,1.617
180,611,1.5414
180,621,1.549
190,621,1.481
160,571,16.639
170,561,22.859
130,601,2.0877
140,601,1.9705
140,611,1.959
150,601,1.8533
150,611,1.8418
160,601,1.736
160,611,1.7246
160,621,1.7131
170,601,1.6188
160,581,10.879
170,571,17.373
160,591,4.7275
170,581,11.397
170,591,4.9182
180,571,18.066
180,581,11.588
180,591,5.1089
140,581,10.024
140,591,4.3275
150,581,10.203
150,591,4.5062
130,591,4.1715
170,371,81.575
180,371,84.947
140,331,73.307
150,331,77.503
140,391,67.678
140,401,66.237
150,391,71.591
150,401,70.15
160,361,79.087
160,371,78.123
170,361,82.725
140,341,72.804
150,341,76.982
150,351,76.221
140,381,69.004
150,371,74.316
150,381,73.019
130,351,67.634
140,351,71.998
130,381,64.679
140,371,70.14
130,361,66.735
130,371,65.776
140,361,71.146
120,361,61.987
120,371,61.118
110,361,56.996
110,371,55.992
110,381,54.987
100,371,50.57
100,381,49.668
90,391,43.029
100,391,48.762
80,421,34.251
90,401,42.041
80,431,33.203
90,411,41.006
60,461,18.69
70,441,26.469
70,451,25.421
80,441,32.152
70,461,24.434
50,491,10.957
60,471,17.745
60,481,16.969
50,471,12.001
50,481,11.714
40,471,5.9078
40,481,5.5849
40,491,5.2621
40,461,6.0334
130,331,68.676
140,321,73.676
130,311,69.309
130,321,69.014
140,311,73.991
120,331,63.967
130,341,68.207
120,311,64.43
120,321,64.267
130,301,69.576
120,341,63.343
120,351,62.718
100,331,53.076
110,311,59.208
110,321,58.9
110,331,58.58
110,341,58.094
110,351,57.609
100,341,52.607
100,351,51.987
100,361,51.367
90,351,45.914
90,361,45.316
90,331,46.952
90,341,46.444
80,341,39.79
80,351,39.365
80,361,38.939
70,371,31.242
70,381,30.706
60,381,23.228
60,391,22.749
70,361,31.76
60,361,24.04
60,371,23.663
70,351,32.215
60,331,24.859
60,341,24.672
50,371,15.53
50,381,15.23
60,351,24.384
50,391,15.022
40,371,6.9735
40,361,7.0438
50,361,15.736
40,381,6.8312
40,391,6.7651
40,401,6.6991
10,361,1.5808
10,371,1.5744
10,381,1.568
20,361,1.5733
20,371,1.5669
20,381,1.5604
20,391,1.554
20,401,1.5476
20,411,1.5412
30,351,1.5722
30,361,1.5658
30,371,1.5593
30,381,1.5529
30,391,1.5465
30,401,1.5401
30,411,1.5337
30,421,1.5273
30,431,1.5209
30,441,1.5145
10,441,1.5869
10,451,1.6654
10,461,1.7439
10,471,1.8224
10,481,1.9009
10,491,1.9794
10,501,2.0579
20,451,1.6091
20,461,1.6876
20,471,1.7661
10,391,1.5687
10,401,1.5719
10,411,1.5751
10,421,1.5783
10,431,1.5815
20,421,1.5417
20,431,1.5449
20,441,1.5481
280,501,65.884
290,491,71.274
270,491,69.785
280,491,70.539
260,501,64.184
270,501,65.147
260,481,73.199
270,481,74.228
240,511,57.296
250,511,58.25
250,521,53.161
260,511,59.204
270,511,60.158
240,501,61.99
250,491,67.658
250,501,63.173
260,491,68.841
230,491,65.055
240,481,70.639
250,481,72.084
220,481,67.657
220,491,63.592
230,481,69.17
190,541,35.821
200,541,37.001
210,531,43.417
220,521,49.834
220,531,44.598
230,521,51.014
240,521,52.195
220,501,59.345
230,501,60.673
240,491,66.393
200,491,60.072
210,491,61.912
200,481,63.871
210,461,73.032
210,471,69.442
210,481,65.851
180,461,66.168
190,461,68.507
190,471,65.316
200,461,70.845
140,491,46.086
150,471,54.723
150,481,51.884
160,461,60.521
160,471,57.682
170,461,63.48
130,501,40.257
130,511,37.066
140,501,42.908
150,491,48.751
120,481,42.549
130,471,48.381
140,451,56.708
140,461,54.213
150,451,60.045
160,541,31.632
170,541,33.05
180,541,34.469
190,531,40.768
200,531,42.186
210,521,48.486
180,531,39.318
190,521,45.498
200,511,51.678
200,521,47.003
210,511,53.183
220,511,54.689
230,511,56.194
180,511,48.235
190,491,58.23
190,501,54.157
200,501,56.005
190,481,61.834
200,471,67.448
150,501,45.499
160,481,54.588
160,491,51.323
170,471,60.411
170,481,57.147
180,471,62.97
120,501,37.331
130,491,43.128
140,481,48.925
160,451,63.361
110,531,26.015
120,521,31.504
110,501,34.177
120,491,40.015
130,481,45.853
140,471,51.691
150,461,57.529
130,461,50.867
120,471,44.947
110,471,41.186
120,451,49.229
120,461,47.145
130,441,55.187
130,451,53.103
150,571,15.797
160,561,22.007
160,551,26.905
170,551,28.205
170,531,37.78
180,521,43.894
190,511,50.008
210,501,57.832
170,511,46.36
180,501,52.297
140,541,28.438
150,531,34.413
160,511,44.035
160,521,40.389
170,501,50.011
180,491,55.987
130,521,33.822
130,531,30.443
140,511,39.671
140,521,36.292
150,511,42.141
160,501,47.991
170,491,53.84
120,531,28.195
120,541,24.69
110,521,28.787
120,511,34.534
110,511,31.59
100,501,30.865
110,491,36.693
90,501,27.433
100,491,33.229
110,481,39.025
100,471,37.23
100,481,35.206
110,461,43.24
140,561,19.845
150,561,20.811
150,551,25.676
150,541,30.214
160,531,36.244
170,521,42.274
130,541,26.689
130,551,22.633
140,531,32.469
150,521,38.249
180,481,59.647
100,551,17.884
110,541,22.676
100,521,26.128
90,511,25.126
100,511,28.536
90,491,29.271
90,481,31.179
130,571,14.106
130,581,9.3774
140,571,14.895
140,551,24.253
110,551,19.587
120,551,21.091
100,531,23.373
100,541,20.736
80,531,18.271
90,521,23.149
70,511,18.2
80,501,23.629
80,491,25.194
60,491,16.22
60,501,15.206
70,491,20.828
110,581,8.0507
120,571,13.47
120,581,8.683
110,561,16.233
120,561,17.403
130,561,18.573
90,561,13.222
100,561,14.848
80,541,16.09
90,531,21.063
90,541,18.457
90,551,15.851
70,521,16.42
80,511,21.844
80,521,20.066
60,511,13.929
70,501,19.596
50,501,10.281
120,591,4.1165
90,571,9.9509
100,571,11.152
110,571,12.353
60,531,11.957
70,531,14.891
60,521,13.12
40,511,5.2067
100,621,2.3943
110,611,2.2991
110,621,2.281
120,601,2.2039
120,611,2.1858
120,621,2.1677
130,611,2.0726
130,621,2.0545
140,621,1.9412
150,621,1.8279
100,581,7.5041
100,591,3.6968
110,591,4.1378
80,571,9.2958
80,581,6.4169
90,581,6.9952
70,561,10.009
80,551,13.68
80,561,11.451
50,551,7.2289
60,541,10.787
70,541,13.614
40,521,5.0499
50,511,9.6291
50,521,8.9688
50,531,8.3084
40,501,5.2037
70,601,2.8846
80,601,2.7431
80,611,2.6966
90,601,2.6016
90,611,2.5551
90,621,2.5086
100,601,2.4601
100,611,2.4136
110,601,2.3186
60,591,3.1398
70,591,3.1899
80,591,3.2401
90,591,3.2903
70,571,7.8554
70,581,5.8321
60,551,9.6987
60,561,7.9362
70,551,12.067
40,531,4.5052
50,541,7.8313
20,621,3.781
30,611,3.5934
30,621,3.5932
40,601,3.4058
40,611,3.4056
40,621,3.4054
50,591,3.2182
50,601,3.218
50,611,3.2178
50,621,3.2175
60,601,3.0302
60,611,3.0299
60,621,3.0297
70,611,2.8421
70,621,2.8418
80,621,2.654
60,581,5.0835
50,561,6.0965
40,541,4.3285
40,551,4.3364
40,561,4.3443
10,621,3.927
20,611,3.6978
30,601,3.4686
40,591,3.2394
40,571,3.8473
50,571,5.2935
50,581,4.1974
60,571,6.7397
10,511,2.1392
10,521,2.2273
20,481,1.8474
20,491,1.9355
20,501,2.0235
20,511,2.1116
20,521,2.1997
30,451,1.5556
30,461,1.6437
30,471,1.7317
30,481,1.8198
30,491,1.9079
30,501,1.9959
30,511,2.084
30,521,2.1721
30,531,2.2601
10,601,3.7365
10,611,3.8294
20,601,3.5424
30,591,3.2554
40,581,3.2304
20,531,2.3402
20,541,2.6373
30,541,2.5131
30,551,2.8103
20,591,3.4748
30,581,3.3318
10,531,2.4456
10,541,2.646
10,551,2.8463
10,561,3.0467
10,571,3.247
10,581,3.4474
10,591,3.6477
20,551,2.8764
20,561,3.0767
20,571,3.2771
20,581,3.4774
30,561,3.1067
30,571,3.3071
