597.1215397991134,-159.24030768973907,401.8914021096468,2.8716487519998313,0.04649664179131596,-3.139128103672958
596.9351908157345,-159.14136071711962,401.9141355276398,2.8704425632325825,0.0457713405400593,-3.1394618467194024
596.5971785880944,-158.6421738401387,401.910644524775,2.870603335374988,0.045004400255905415,-3.139730975834151
596.3808460017742,-158.0349325914318,401.78645035707257,2.871454563630333,0.04423008065743068,-3.1397391935749908
596.1742911892375,-156.8279438478403,401.3069695442596,2.872657625125869,0.04285112914991808,-3.139709228045777
596.1801009034784,-155.8978760036828,400.87213417609325,2.874299863014514,0.04273633873352137,-3.139469019846832
596.0666616219872,-154.7960637187088,400.4466846707078,2.8758861959003346,0.04171927707659546,-3.1395669520306604
596.037423754572,-153.53728307698938,399.9431165403069,2.8779420173666566,0.0412212819256842,-3.1398517714030785
596.0621150080536,-152.06494959479187,399.24772185614586,2.8804828354298744,0.04086743468570432,-3.140039812874044
596.0520776564737,-150.89855365079347,398.7109100700802,2.882428748731487,0.04042838084437105,-3.139855609583175
596.0211455422225,-149.45963114529943,398.0158825099659,2.8849222442022784,0.039705381406230374,-3.1397296859501767
596.0160727412978,-148.32403764356258,397.4540537727967,2.8869076016631507,0.03928243943677981,-3.1398616502076653
596.0344887829842,-147.19996002874737,397.09777651590264,2.888973160436006,0.03906534299616891,-3.139812489074911
596.0800759224875,-145.92358808487367,396.5328575385685,2.8912161813103303,0.03890946576162567,-3.140049796683115
596.1086682097047,-144.59011593777606,395.8981943392157,2.8935852081843922,0.03862162620696324,-3.139844888142068
596.1019946088535,-143.34542567003308,395.47169669166334,2.8958052418490716,0.03789288798368361,-3.1396400715020842
596.183702112774,-142.10934248099997,394.94882392415536,2.897891563453199,0.037993860116923656,-3.139691275853576
596.1754102437684,-140.61694595604064,394.4337655768021,2.900362861645027,0.037158461434551635,-3.1398370667297395
596.2168057353525,-139.38248933117984,393.94584545559553,2.902493817300201,0.03690886863623488,-3.139752974463001
596.2119454123839,-138.05768617219854,393.49171073659033,2.9046696846609263,0.036157507055101484,-3.1398418544970075
596.2999716046364,-136.76534995556827,392.9462788215065,2.906851583909814,0.03628265745118863,-3.139960793100576
596.3349078615543,-134.2854740481815,392.0476633867455,2.911062972673982,0.03574225479081938,-3.1399754868772027
596.3133463851348,-132.98929006605567,391.56369633408116,2.9133390894897047,0.03517799770140246,-3.1400104103827413
596.3604875193485,-131.76717235595652,391.08973914715517,2.9155040873825304,0.03520548203696116,-3.1399122062645346
596.3518625479111,-130.1932193841897,390.579395518464,2.918250470019915,0.03456896687965311,-3.139830015273718
596.3997398936182,-128.94896916651157,390.1671476030097,2.9204892510722957,0.034417882476785275,-3.1397453105799227
596.3864017300414,-127.80100204836242,389.7748165365997,2.922493536862761,0.03396710457117887,-3.139637989961488
596.4411431705507,-125.93342869380555,389.1823191808885,2.9258879020949036,0.03379971489592575,-3.139844813555228
596.4616730798151,-124.11266417089307,388.60134882526256,2.9290660636553096,0.03359776352507809,-3.139788935557865
596.4686253709378,-122.81226344308965,388.2485487196465,2.9313999888163833,0.03336810535016478,-3.1397501704391964
596.4552584392599,-121.01282517214608,387.67924577134545,2.934500565389696,0.03266388384793239,-3.1398487704274873
596.4524659706545,-119.8800546533494,387.33964040733935,2.9364747149291883,0.03177585741393213,-3.1396486835740256
596.3927763767622,-118.95813791048953,387.092295797456,2.937767367658386,0.029893636642212566,-3.1394984820753926
596.335011048127,-118.44226721893152,386.9763926983901,2.937900695225853,0.027516720593483042,-3.1395468420070087
596.3752064279777,-118.10592679299685,386.8690404925119,2.9380733718423016,0.024499597093221994,-3.1395645040274975
596.4504914544548,-118.00002349609338,386.81036252487775,2.9378728825295126,0.02185863306275529,-3.1397810740349827
596.5204201848227,-117.81615572625802,386.71561050195436,2.937848533084026,0.01912569522900247,-3.14041158062438
596.6809854618973,-117.53320937551547,386.5371466082241,2.937720545364998,0.015359391405257236,-3.141292284292113
596.7930239477862,-117.49877871239146,386.5260870446207,2.937658353233417,0.013243195544199862,-3.1413310977124556
596.8522784506272,-117.38406383329614,386.4929458349585,2.937874499751019,0.010610448268186764,-3.1414241478863034
596.9339276584357,-117.06396915788778,386.4198008717551,2.9384502521456715,0.007877848951789468,3.141467038948643
597.1259124734265,-116.38028667964947,386.19572782390935,2.9396681313997717,0.005756880548604338,3.140976647758172
597.2356267419891,-115.65626434383822,385.98384331197354,2.9415802885448388,0.004493773022828936,3.1406877357232177
597.2602039053231,-115.20558942769105,385.8746784532743,2.9427673816363007,0.003790664435328189,3.140758018999103
597.317545735967,-114.63224248342357,385.73675099721953,2.9445096561350854,0.0032904620313756903,3.140967286386561
597.3088084009541,-114.15430788214856,385.61235797051205,2.9458237128787257,0.002914834785986658,3.141188329459552
597.3180362917993,-113.66375411965087,385.49885568424844,2.9471904489924072,0.002636846780216058,3.1413254423513024
597.38869060772,-113.0924269337506,385.3529506369008,2.948902878182008,0.0029329179776978777,-3.1415740754390136
597.428928976882,-112.16498016195534,385.1072441110118,2.9512904727503604,0.0034003517273348063,-3.141483355969987
597.4849147309758,-111.60891900986663,384.9789618759157,2.9525377875145837,0.004949732112115287,-3.141306849719239
597.444426699931,-111.19967803437807,384.82313055848635,2.953560272052546,0.006670900296723569,-3.141347190730124
597.3516226182348,-110.98950419371661,384.77343063892107,2.954500045703633,0.009571787797624578,-3.141247372323197
597.2272044286126,-110.95732099137578,384.7926241153395,2.95449424261364,0.012235103242522848,-3.1410281002804226
597.1165069912506,-110.91739179552108,384.8513049189472,2.954718220922714,0.015119800857788359,-3.1406813302626064
597.0168428394869,-110.89366673172188,384.86129806651206,2.954695068624453,0.01744670443848365,-3.1405223053121043
596.9123846930601,-110.83634912810824,384.8876465946182,2.9548461114793865,0.020570555402215876,-3.1403922053741034
596.8235200023747,-110.61178526130526,384.85469697050144,2.955149204990999,0.02358943947834604,-3.140409862189195
596.7353656386433,-110.17860926672482,384.7311704265442,2.9558158599151727,0.02620757185586571,-3.1404295179238684
596.6453643229518,-109.40364520910907,384.5318374139727,2.957063919313257,0.028461634248581447,-3.1404307829677087
596.5771090076619,-108.23225145471308,384.2166935577767,2.9589873637214534,0.02967278371637922,-3.1407727923260107
596.5208447890403,-106.70642325934269,383.850880536129,2.9618964696486376,0.03021021433808658,-3.140654378453604
596.478044292557,-105.001458803119,383.39617241606396,2.96527473899528,0.0300465968533975,-3.1402872232513386
596.5164914067367,-102.59729420734438,382.8980671368427,2.969134226593331,0.02939259586009655,-3.139790586579231
596.6104812353482,-101.06834838321011,382.57469248869023,2.9718993885320426,0.029213209950115334,-3.139788329100933
596.6179977637398,-99.60539637877167,382.2674829986447,2.974485476712987,0.028514167068302874,-3.1398376273345954
596.7343273351927,-97.81951869816673,381.94186393100125,2.977782950720518,0.02838803878052938,-3.1397840327616233
596.7482593461225,-96.46483140625945,381.72480281675143,2.9803060049415877,0.02807901334234911,-3.1395725104268655
596.7593752524747,-94.94846143681453,381.40916078829486,2.9828817567160417,0.027873058657873585,-3.1397168781671225
596.7338433582623,-93.46888314220881,381.10285520705406,2.9851227075322377,0.027570584947275312,-3.1399100776419533
596.74179151723,-91.52346774491106,380.69673250149185,2.988724397731979,0.027393452974947715,-3.13979479966247
596.7479747333557,-90.12155221598013,380.4162012511538,2.9911477194095273,0.0271215847155336,-3.1400612197574107
596.7674217727096,-88.85453539152756,380.1815219812763,2.9933940171606497,0.027000935301032047,-3.1399024300036964
596.7869283776694,-86.82073472435884,379.8854395924428,2.996832404900802,0.02660887282946598,-3.14014858346493
596.858721504117,-85.5071454591481,379.6470625073618,2.9989721071368933,0.026680497020523698,-3.1401434770766503
596.790417526898,-84.2761895893012,379.36896426194187,3.001243262964489,0.025987054164490955,-3.139858414424287
596.855710208464,-82.6158650732597,379.13910727817114,3.0039701681449436,0.02602097895825704,-3.1403357397150637
596.866077194531,-81.34157774022718,378.9427407226768,3.0061570955057957,0.025910424824915037,-3.140550774977574
596.8722121128532,-80.02467678689304,378.8012581454144,3.0085263581650428,0.025632235352764904,-3.1405912488539265
596.9190932070322,-78.81699379344154,378.6693935687137,3.0108162294046346,0.026031133579296227,-3.14018346469857
596.9674434847452,-77.16291278128648,378.4280491493534,3.013710318966956,0.026187001386026667,-3.1403534371423185
596.8527531121053,-75.78098465569624,378.11376709509994,3.016137325000441,0.025384964836960556,-3.1404399805105565
596.8516547501108,-74.46409145506958,377.9702183484782,3.018595699700912,0.02514434081523566,-3.1403084098013254
596.9101256664096,-72.77288075349796,377.78615004843743,3.021598108795257,0.025083287839305468,-3.140196345884937
597.0055673827425,-71.3372010713361,377.6155761194197,3.0241415203685866,0.0255445266300863,-3.140128070501795
596.9635769156728,-69.98386306622736,377.4220449891814,3.0264075184329697,0.024992002793848594,-3.1403965801261835
596.9538056708764,-68.75851252220112,377.3060035208294,3.028608928427826,0.02460925305012755,-3.140423334643089
596.9938161386933,-67.17059258276228,377.1331766249226,3.03142285949369,0.024653983042990168,-3.1404866920166463
596.935044929091,-65.80456729881239,376.90684351627726,3.033746648851819,0.024006838307263675,-3.1407355770588214
597.0198782112427,-64.55379303266834,376.8757572165394,3.036061782656516,0.024265695110785017,-3.140729079279279
597.0570314005521,-63.21040867774937,376.7021126520381,3.038590966056162,0.02443727361040967,-3.1404841724009995
597.0231661869432,-61.86489658663285,376.5250692147332,3.040894097983928,0.024133480157678907,-3.1407039394827425
597.0677938205539,-60.57003532714637,376.4351376333968,3.0433447259681534,0.024382782446088793,-3.1405611348362292
596.9749414749782,-59.267838007573346,376.1636540334398,3.045708702748719,0.023845555530428834,-3.140563944770547
597.0241736786415,-57.45699562633402,376.0352798361132,3.048734648238804,0.024039454855364774,-3.1406057083129015
596.93061897,-56.133000436084785,375.94735261812707,3.0505757365480872,0.023037367915388417,-3.140533868600435
596.8931098422645,-54.93613024762798,375.7042821909026,3.0516309655200913,0.02159666139777574,-3.1408191873160582
596.9317412023572,-53.84148831525076,375.6665680405159,3.051479391669493,0.01828752899204374,-3.1408828960272093
596.9349195308163,-53.511706019759856,375.58644585411497,3.0512653210317104,0.015482182151697868,-3.140908504792005
596.9453666884524,-53.24265214313067,375.46957885527513,3.0499572460692783,0.012698976150023036,-3.140942916564192
597.0222525656802,-53.218776027326186,375.4617535913811,3.0491360442368185,0.010562115137144766,-3.1409246556863
597.1340077266734,-53.222486036939536,375.45811976027954,3.0471004838400257,0.007404164818985846,-3.1411456006282785
597.2571240052432,-53.25293789935539,375.4889238312004,3.045339238374381,0.004814157596837222,3.1414368040192784
597.3659324317044,-53.29878995127627,375.5131196711904,3.044401529515563,0.0034887901180070094,3.1408840160222757
597.3357257602148,-53.327708473738106,375.58068218015444,3.04402035816268,0.004395427360240586,3.1407375472315224
597.2973303617275,-53.30892748997549,375.5608217413122,3.044051380677044,0.007038021079392467,3.1407226982688625
597.1738196285737,-53.2310242868524,375.50254826314404,3.044192087417556,0.009963736909082773,3.1407277979037485
597.0816462281068,-52.72444155686469,375.4669887675856,3.0468747445230826,0.01584932839500284,3.141250619105923
597.1037891072165,-52.172329063779785,375.4535324748976,3.048450941478209,0.01810812195996168,-3.1414588491524906
597.0908343296101,-51.123323550677235,375.43052456632734,3.051171589434916,0.019895226426223888,-3.141269590364013
597.0637967897048,-49.63996806623867,375.2111320762581,3.0543066722364616,0.021947164721626344,-3.141370921348335
597.0002146695834,-48.4835961222187,375.16642210344276,3.057137163017566,0.022815803517457205,-3.1410522084220798
597.0528926776451,-46.92444295323097,374.92632190233826,3.060056538964118,0.02367689564661676,3.141545772508789
597.0751702780561,-45.410527762714544,374.8527266447498,3.0634126268813353,0.023812969496113733,-3.1410508860267408
597.046892418901,-43.665566077612844,374.6651554782575,3.0669124882534162,0.02331293376853517,-3.141208815151732
597.0533138874206,-42.30914513571012,374.47395424774044,3.07002822088052,0.022846441627038985,-3.1411258756737817
597.1025820224162,-41.07302556127454,374.391803162454,3.0731326984888856,0.02245924204910408,-3.1410666396577502
596.9029477708184,-39.749041860414266,374.13980760356895,3.076814818864646,0.01937977821256006,-3.1409398732522202
597.1489411858486,-38.99571248856214,374.1911129159227,3.0799474061890466,0.017740657361738996,-3.1405132362200363
597.2170537419279,-38.66618002232105,374.20537926743873,3.0814953463990475,0.014729733616589137,-3.1404101211031237
597.3197519110361,-38.483008576549246,374.20486091725974,3.0836827180565374,0.012099897357354738,-3.140404019125961
597.4273878596379,-38.396156144821255,374.21068889403557,3.0853020794820685,0.008689086991060638,-3.140421880633976
597.530783683892,-38.40497454961708,374.227323662252,3.086981406360315,0.005749179477376826,-3.140436667976526
597.6414490031667,-38.42559055777798,374.2448870195405,3.088473950746178,0.0033404146176817173,-3.1404419940716197
597.6965356272696,-38.440857572421905,374.257438143059,3.089599380810269,0.0026908841100191884,-3.1404648639834005
597.7686370041757,-38.43588895965781,374.30620922485986,3.089440420882409,0.004660378719124862,-3.1407090594727163
597.6798963383359,-38.417466191027444,374.29177474275764,3.08947191790381,0.0074998552425044,-3.1409188000798847
597.5284172151815,-38.38246341633539,374.2420264949529,3.089558299474804,0.010902628263071392,-3.1409645834417685
597.411323396907,-38.223657981022455,374.22559117049434,3.089847778364512,0.01389836216428188,-3.1409591658010805
597.3283727850991,-37.785292900904864,374.17605333106275,3.0905823770843264,0.016110954573827958,-3.1411429196781904
597.1876148035849,-36.9791699929073,373.99356756131886,3.091911126957996,0.017845118127615685,-3.1415292165680198
597.2572821334534,-35.822841265698976,373.9063638682643,3.0936194156426784,0.021275070292588003,3.1412888303033033
597.115524846925,-34.703417910471295,373.8645681232387,3.0953786480649956,0.021420945024362415,3.141085021022494
597.1572685934127,-33.316984770127576,373.66634223862195,3.0974742993827054,0.022299682186905593,3.141191884697201
597.2144323522652,-32.13919331255874,373.6421908090406,3.099328339418855,0.022862534312259895,-3.141108260096907
597.0838246710111,-30.343094002284385,373.3904009928518,3.1022831144838596,0.02217232626141976,-3.1413956319264202
597.1699260665057,-29.05862883872662,373.4046528076546,3.1044304919394787,0.02230899253823945,-3.1411164568497125
597.0943953782737,-27.710141176634284,373.12787152477574,3.106461611007179,0.02169272235599905,-3.1412668969921533
597.2650329475688,-26.235781888284556,373.16543487452543,3.108807736210378,0.022437468457127605,-3.141263615308184
597.1432234110979,-24.876952844416984,372.9047291441543,3.1109036944616086,0.02176478647679636,-3.14143789118055
597.2329447588303,-23.667741228162342,372.9344304260049,3.1129281228653447,0.02206826161223742,-3.1413255583701822
597.201740103793,-22.36726590400693,372.8095113838848,3.1152952136375616,0.021752085263228797,-3.1413105707785505
597.2512274457531,-20.875586064467168,372.70288925009737,3.1178799833320943,0.021945673332726973,-3.141415479549328
597.2336770506249,-19.605168906969258,372.59346558893924,3.120186939784289,0.02167897410354727,-3.141375433196796
597.2579197723245,-18.25780646242698,372.4647992743096,3.1223316056371364,0.021735212763228023,-3.1414847451302577
597.3048008539652,-17.14509577590843,372.4448475131333,3.1243312985457745,0.021867485463416686,-3.1412746274677503
597.2514477057125,-15.215059845377136,372.25411554711127,3.127225712881912,0.02140753523047117,3.1414709877417755
597.2437861945275,-13.966795126040992,372.1544548471947,3.1292286183680917,0.02120422024453667,3.1413255488599083
597.2646778358554,-12.748574976373403,372.0031209162458,3.131241203988348,0.021351656162751243,3.141151162906868
597.2555997553786,-11.37069853781924,371.9420819943384,3.1335371720378817,0.021276668636176065,3.1413301578286164
597.157314045601,-10.139728902873317,371.75282964531925,3.135431629052265,0.02086464824847367,3.141123812197677
597.2984055917447,-9.05689083581043,371.76091280445615,3.13728357245853,0.021781214191941938,3.1412475115988707
597.4477266075422,-7.841025669232859,371.67377387547765,3.139056494427408,0.022063861892600116,3.1412073653611294
597.789496102116,-7.105818708050223,371.6737716075612,3.1400275276788703,0.02258488881740075,3.1414524686262912
598.3004544841948,-6.687106070798225,371.74273955786975,3.1405291447896455,0.023323177593417507,-3.1414779977547203
598.8880680174022,-6.52336566848597,371.7817151684495,3.1407663670962997,0.024105376976607147,-3.1414601934636317
599.3535029255067,-6.460641886303218,371.9109330768848,3.140768682652407,0.023429387727278487,-3.141474715470492
599.9747702673084,-6.412225529504236,372.13887134424897,3.1406214709015345,0.024840644668664202,-3.1414635481035775
600.703486059368,-6.483628849249871,372.1709060388375,3.1403161153745622,0.025917834615953247,-3.1413987852960883
601.0801444641257,-6.504146596219842,372.3645954781068,3.140008254910715,0.02519846941662087,-3.141542597174428
601.8217311501487,-6.642279895717244,372.42153138143055,3.139581353286293,0.02650628872196762,-3.141478148938744
602.2431955050853,-6.660075132612059,372.6325730434698,3.139092118927208,0.026263261905714572,3.1411035276814623
602.9324570489559,-6.80225200204724,372.5981492972338,3.1388737606479893,0.02715173101360009,3.141295255576491
603.4056589633656,-6.801747995059185,372.8366071711745,3.1388678871245297,0.027201710697963077,3.1412792469335606
605.4448004100494,-6.682466421803728,373.23293551614216,3.1391150581318983,0.028806099470844008,3.1412366899890194
606.5692991147181,-6.38312318549205,373.32960426683826,3.1396429351005373,0.030331577415348168,3.141161399821534
607.0892729335541,-6.041202675625009,373.54664371697146,3.1402653068207336,0.03008403038090368,3.1410093674770962
607.8632307410604,-5.706881146621122,373.5627349615247,3.1410590915085335,0.031227762032376885,3.1409857491835806
608.3575638864919,-5.408482465791501,373.75926731646484,-3.1415817327432456,0.030994287724141326,3.1409887958787768
609.1647193633871,-5.192334770981425,373.8707323472327,-3.141102043664044,0.032004712050900316,3.1411721446483525
609.6265324936305,-5.23581321080382,374.0660365590086,-3.1411698781648925,0.031373251364424044,3.1412039776697838
610.2557040773956,-5.743499576341889,374.3353538747053,3.1398856086994296,0.03164896369940844,-3.1415424950768083
610.9803604459704,-7.25345004478621,374.7482447261566,3.1369121902093404,0.032770207088435775,-3.140203681262045
611.1575615676595,-8.696264515907282,374.9265795890075,3.133784823348553,0.03194775783179108,-3.140026054080409
611.4321894377549,-10.032383065576663,375.0657962486163,3.1304336145846055,0.03263512134700422,-3.140787523339668
611.5490341166706,-11.482840193607936,375.250138372609,3.128167725045555,0.03300726010328283,-3.1405573350583413
611.5510280313129,-12.964314339609869,375.4450275420238,3.125538561291486,0.03281525999620215,-3.140302277122121
611.5630991428029,-14.369175302552152,375.48777687159156,3.122782850474163,0.03278517513622358,-3.139992788126747
611.5484482129366,-15.681686250482501,375.7060323324867,3.1198978893498945,0.03273128830843885,-3.140396531640452
611.5625292350511,-17.441947803123522,375.7705356260707,3.1171364056902506,0.03296112774584787,-3.139726294991113
611.5507045509041,-18.65542433287625,375.94472410061366,3.114579028163313,0.03314429964102768,-3.1400306501881787
611.5480758620881,-20.04551463924794,375.9964603898924,3.1120465265509654,0.03317929195932966,-3.1397614025547202
611.5243086081603,-21.275685446833677,376.17843435203343,3.109580434789183,0.03326627289528563,-3.140176046716198
611.550270307073,-23.025519556673704,376.21495818113283,3.106785498392487,0.03348937662498233,-3.1396535695707195
611.5253446325551,-24.24519958808945,376.39573170211065,3.104495492564581,0.033450572805122473,-3.13975229776384
611.5818750728282,-25.696038054454892,376.4302338170803,3.102085849100108,0.03372994798398495,-3.139272075228567
611.4803867867707,-26.93200076464958,376.5771075899193,3.099728351498454,0.032916821709374426,-3.139505637785103
611.6024849759843,-28.309085881664824,376.6319857191502,3.0973673868999225,0.033164904670667544,-3.1392546424795995
611.5066247716587,-29.75815869958865,376.70232074361667,3.0944792754430344,0.03003216965814242,-3.13979647017172
611.8006787800423,-30.731653335070366,376.8818989114614,3.092568583615585,0.02853295236513022,-3.1402611725238696
611.8880625357476,-31.482350158249403,376.8982157033993,3.091353969496262,0.024571176173480466,-3.140192297702206
612.0624749024896,-31.686226600015438,376.8931326255823,3.0910053540652127,0.021419746022251464,-3.140262993685448
612.20026240303,-31.775673371182453,376.8788467934611,3.0904184400658794,0.019021688193265916,-3.1403906741987986
612.3127288825964,-31.856113441650773,376.8867080720896,3.0897947126055287,0.016221289538813532,-3.1404796956505963
612.4158110252837,-31.837949310522312,376.8510703915173,3.0898204580786963,0.013672894782980678,-3.1405182493320316
612.5270815592695,-31.794894592411758,376.8589145535794,3.0899058015758536,0.011125215254292026,-3.1405422630077715
612.6556180601158,-31.64588851971485,376.85114890959846,3.0901869343057484,0.008298965243627054,-3.140592887726477
612.9198846923258,-31.120116284991965,376.8277417596545,3.091864350169033,0.00592732040943399,-3.1406190295099448
612.9607024545076,-30.995461077154822,376.8497422032591,3.0926363460234847,0.006740511068346865,-3.1397233763145316
612.9532410471263,-30.767548071199823,376.8729593395503,3.09331528190479,0.009357097836643178,-3.1393922352532115
612.813999337514,-30.625969125913752,376.8656802711861,3.093850039297739,0.012885688504845977,-3.1394042895830263
612.6734934386299,-30.539180797736226,376.8639958219591,3.0942600312984556,0.01621422966343165,-3.139498722640563
612.570451601642,-30.54369743519812,376.8742544303876,3.0943944460193755,0.018819578859711868,-3.139513448092877
612.4459998263142,-30.59132746688079,376.8851254482588,3.094338852527754,0.021165129871897545,-3.1396033329867103
612.2642903706535,-30.826578087674278,376.9002330360229,3.0938790312274564,0.02412925442856179,-3.139797581952749
612.1851662590764,-31.53118710363543,377.02689916208504,3.092609858277074,0.026901661901674347,-3.139706128752535
612.2333374378227,-32.9221529676217,377.1120463576979,3.0903073594543873,0.03014708302807652,-3.139222225545107
611.9455034639382,-34.290358464510675,377.2057762973357,3.087473088372057,0.030308056327837292,-3.139881935091347
612.0783851908836,-35.637853032785856,377.40350699833067,3.085077132183108,0.032514846430182466,-3.1399269869508406
611.9580804787057,-37.127453004687254,377.5036065587949,3.0826057830627764,0.032572424656129285,-3.13966593831848
611.9338913122025,-38.53191204522544,377.6259809552127,3.08016959758219,0.03292612621519213,-3.1397159528987726
611.9822022814736,-40.616926242592456,377.7435042857113,3.0763343881185046,0.03355206556751051,-3.13984827307965
612.0009219152344,-41.92101074567224,377.88586065679726,3.0739750289425984,0.03386344366485736,-3.139994438031265
611.9445188433178,-43.378080735188334,377.8957960534806,3.0714882441753297,0.0335576164774302,-3.1396365220671547
611.9138673022293,-44.939138908687575,378.09442244474513,3.068547592658556,0.03366446362934183,-3.139493734099892
611.9670994169383,-47.174652009680344,378.20942950034976,3.0643376236305815,0.03414744118297801,-3.1395684888277215
611.9213224569698,-48.36173723730096,378.3384659026374,3.062078264142504,0.03423971159461238,-3.1398388047747714
611.8669886364027,-50.4928051194695,378.4028410173142,3.0583720650545647,0.03444963117643505,-3.1394518580713107
611.7740865587789,-51.554862113731026,378.53148834041326,3.056124442872152,0.0342641605383404,-3.1400948419178887
611.8240685999505,-53.06848624595305,378.672909930227,3.053685195929342,0.03498395352037421,-3.1394862741767393
611.707181728404,-54.70695566686676,378.6808931738084,3.0509886462757394,0.03505056887787287,-3.1390167347997644
611.7033240067165,-55.78162892104891,378.8531249470287,3.049225428253776,0.03529590840078301,-3.1389479898005166
611.7771723084645,-57.28660808644207,378.8138102105351,3.0467258872029848,0.03548090667357142,-3.138554234819401
611.7241273852427,-58.40464594859775,379.05390639891925,3.0442733518929885,0.03502123608142751,-3.139426430976733
611.798230179166,-60.84120991427042,379.1761716738471,3.040212774536558,0.03606084352809974,-3.138886538682746
611.6577910047035,-61.86881909057806,379.2397898515591,3.03805011373011,0.0354658194999663,-3.1395917507367783
611.7432142600512,-63.29265821236243,379.37390314443377,3.035625174465667,0.03625157266873157,-3.139348929539342
611.7340998744163,-64.97417461235057,379.5604936066998,3.0327001846083093,0.03603024688556655,-3.1391768884925186
611.7993244880219,-66.1634565010641,379.5923161053757,3.0306810944066953,0.036411271657267714,-3.1390947969520924
611.7922924037557,-67.4680845969797,379.66774426545095,3.028527472675699,0.036363808821913264,-3.1389237573902466
611.7780783569118,-68.72292561917376,379.8682295614025,3.026447248021479,0.036770322491012454,-3.1387990220515243
611.7300118133476,-70.41320993342808,379.82753339899386,3.023667364494757,0.03746748311872607,-3.1383113151631292
611.6434721039176,-71.35394261413167,379.93854895142897,3.0216003683031953,0.03713032523387781,-3.1391100089402713
611.7485962661993,-72.70585924951101,380.0507397010194,3.019355495748873,0.03765508698516218,-3.138869800034022
611.7825216104991,-74.38136706473202,380.29775726991386,3.016547050832963,0.03771817355443287,-3.138667640302836
611.8594895622657,-75.81910273047993,380.300692088621,3.0139281173058143,0.03778407069793863,-3.1390210100338143
611.8455474891499,-77.0041296604555,380.47945307187,3.0117760406952763,0.03755548475058308,-3.1392263094447364
611.9631195066312,-78.40906607047674,380.51744913732296,3.0095454552005787,0.03812435621733476,-3.1388481567895368
611.9085109643421,-79.76212869690181,380.6932982578396,3.0072196222890857,0.037830389639270684,-3.1389906149697127
612.0178734894048,-81.14821319467326,380.7505954493173,3.0050233587703965,0.038546128287457876,-3.1386642522372963
611.8707308770446,-82.36554294487983,380.8841154879121,3.0028426212477854,0.037586905726603545,-3.1387885676415728
611.9646973597877,-83.85816670471533,381.0217530795087,3.0003269223856854,0.03836284439919955,-3.138716815742956
612.0069735550513,-85.20990880710401,381.2079875269493,2.997997504585113,0.038897521864789064,-3.13873252430489
612.0110049079444,-86.54965000458024,381.19284467340947,2.9957827633793483,0.039096308927239164,-3.138549808736471
612.006380460918,-87.72744725368612,381.45805268247324,2.9934303107230655,0.039412457945158685,-3.1389258585722843
611.9892292868307,-89.21175269356367,381.5200604248904,2.9910174818521127,0.039806186102121735,-3.138565321681947
611.9998080789121,-90.57046232671156,381.72899217847834,2.988384262266054,0.03980010582259341,-3.1391538693998045
612.0179799471038,-91.98852006999809,381.83625680105814,2.9860765063498667,0.04006463350858356,-3.1388067916104823
612.0318396456489,-93.22378049662477,381.98323501666056,2.984007572363887,0.04028871017117191,-3.138803040078985
612.1058680517463,-94.64646013243927,382.2450882315821,2.9813763850038213,0.04068349396787175,-3.1390699500081927
612.0589854523123,-96.1820754567986,382.38577329842076,2.9787908994032883,0.040623130336140546,-3.1388856144110675
612.047644790594,-97.59657768336032,382.52016599355,2.976441623954962,0.04077581470446835,-3.138626219190147
612.1039134111024,-99.47572160265868,382.7606800109451,2.973105631737693,0.041199259222040034,-3.1388101620727555
612.0952175484775,-100.78213990821776,383.0579535918015,2.9709059821035666,0.04150759760019579,-3.1385933127440078
612.083221466337,-102.06939004506336,383.1236681426095,2.968740883743911,0.04159187567395733,-3.138424574492133
612.094378565727,-103.4902959843382,383.27180481284915,2.9663621074049438,0.041753471764368624,-3.1383371042572046
612.0558170735849,-104.68035139904298,383.54578796610843,2.96425408053459,0.041893638481262936,-3.138464813466213
612.0783597006325,-105.96803476374065,383.6822603419611,2.962105629406572,0.042405771034573624,-3.138295013729093
612.0587147931366,-107.29019528730834,383.8322158956633,2.9597601452178965,0.042608044514732046,-3.138391676810555
612.0877925417326,-108.85636588978763,384.0365340759157,2.957086584740865,0.04296577457468403,-3.1383165666696207
612.0857618051361,-110.22916500418428,384.2514163506828,2.954797270997133,0.042858360005105525,-3.1381928097696172
612.1678334176389,-111.41564013891937,384.4968565114202,2.9526117961880445,0.0431812892079882,-3.138561763099164
612.2103994987971,-112.7086972474266,384.760504674642,2.9504058096061354,0.04350570967570696,-3.138619212078382
612.1933389839398,-113.98898867804749,385.01713135737265,2.9482880388305825,0.043663777478460786,-3.1384675501463675
612.1046410524198,-117.27634349460274,385.5408526826872,2.942753962657129,0.04441041177780607,-3.1384853574819718
612.1009121811359,-118.54281333291244,385.8276154957505,2.9406320175205045,0.0449850838504337,-3.13845566068034
612.1240503276773,-119.87015000873829,386.13334066388234,2.938422914488418,0.045242736290087994,-3.138274515196636
612.1663082038776,-121.05900676606873,386.39568234805006,2.9363410934820733,0.04506816480047543,-3.1384028646004034
612.2562764839806,-122.34725114281538,386.6211548543266,2.934216118787335,0.045219936589088884,-3.1382726391244615
612.2586430265669,-123.76450689903632,386.91462870268697,2.931748460597391,0.04546106511150302,-3.138289027678129
612.2065922724253,-125.29226013753753,387.1844011162219,2.9291272031160434,0.04553924198719687,-3.1383076048573173
612.219783878729,-128.10233693002758,387.7242589950398,2.9241721102494003,0.046659567326136936,-3.13869877477753
612.1567061007809,-129.45910882443846,388.03563008163985,2.922017412808205,0.04678521676762574,-3.138393978954966
612.2114928291297,-130.8770302214919,388.3786244790906,2.91983846002289,0.04720173182781482,-3.138069256690179
612.2668552337162,-132.09116610049185,388.693974535208,2.917836943239059,0.04712914309532359,-3.138116874652761
612.2827786425984,-133.69333590345897,388.97434772763984,2.9150953928384697,0.04748574149412399,-3.1379472203138468
612.2280429618305,-134.88323019017903,389.28549778420984,2.9130662685377127,0.047807136687111375,-3.1379878652100137
612.2085919986768,-136.19619800210864,389.6504763259252,2.9109092303789375,0.04802646283940231,-3.1379753362753733
612.293676884744,-137.79677862843621,390.0687005852749,2.9083447185844737,0.04854436289034006,-3.1379535003090013
612.3527500371691,-139.05429777019543,390.3951777622598,2.9062360806687937,0.0479093178768612,-3.1380952513610363
612.4799929059759,-140.62576679191903,390.803926010017,2.9036193982496252,0.04863595398908774,-3.1382416775520126
612.4273766542522,-141.93770448678046,391.1083093090301,2.901433490748466,0.04887002595344353,-3.1381750339259313
612.4524782878481,-143.5821583206752,391.5318985186121,2.8987263536278145,0.049941146058094445,-3.1382822992340738
612.3415585407434,-144.84390890769996,391.89403850731003,2.8964782302683285,0.04982377900028435,-3.1383791811068362
612.274827071081,-146.28888348457457,392.3326025058018,2.8941176923983303,0.05004711158021152,-3.13816470618381
612.2888749432691,-148.06690402639762,392.80823075686004,2.8911954107791265,0.050978214557587484,-3.138097287008858
612.3884133131639,-149.58532285173504,393.17372626743077,2.8885897474062534,0.0515995244427502,-3.138416277929114
612.57159074419,-150.6216963561269,393.4698772618109,2.887057713459505,0.05232949732799106,-3.1383343932320855
612.9555754298475,-151.67162979414897,393.67817656824326,2.885587009757049,0.05270734233957141,-3.138299497708968
613.4607960894231,-152.36633825083305,393.73310646078664,2.884758956060079,0.0527550917156451,-3.13823346333955
614.0253551912639,-152.78272657431827,393.7055943717038,2.8843802165753205,0.052797936260748364,-3.1381666643927324
614.5577112810853,-153.13827094749558,393.70156408788864,2.884090688603724,0.05290250016430405,-3.138076901262723
615.1353364995333,-153.44042436205658,393.66697891976315,2.883900237104956,0.053288317779708924,-3.138007758439988
615.7320783610846,-153.59875367791744,393.54624823906914,2.883927835221823,0.053669938472076684,-3.1379418936522976
616.4347351475091,-153.7127285663364,393.4218114427235,2.8840704437278433,0.05421121112559337,-3.137889947475389
617.2915666340871,-153.94257360555966,393.3565286348129,2.8841082393317925,0.05426175099607428,-3.1377904814920705
618.1163582756834,-154.10508965812983,393.26918524322747,2.884231957754021,0.054506923812483246,-3.137696889080011
618.8967061180721,-154.28914499966356,393.2274441770156,2.8843069387133773,0.054852417306972906,-3.137634460805675
619.5176758958092,-154.27419919455363,393.043812721553,2.8846233899688345,0.05523335522600492,-3.137742475202884
620.181596481293,-154.38691065657085,392.9865977579153,2.884823088738051,0.055674248052838465,-3.13768994788842
620.8511968755257,-154.33593095186782,392.7023221012433,2.8853151645688366,0.05608136087210207,-3.1378463127133602
621.6356444128295,-154.3423130687135,392.55140182455307,2.8856577280426885,0.056876054643407274,-3.1379654545726576
622.5034057429082,-154.32330941047195,392.4075049519066,2.886125628795814,0.05690237324553496,-3.1380496527229327
623.2218579490857,-154.3277159943166,392.3039987627439,2.8865386587848927,0.05707309301327347,-3.1380276953118584
623.9213715007746,-154.27036820947612,392.1777652876659,2.8870605459322083,0.057752816984511,-3.1380442166508975
624.4492863847925,-154.32734409571086,392.173593549332,2.8874195011685675,0.05782189518305618,-3.1377362997625453
625.2212330643125,-154.3364143774564,392.0514222182977,2.8877599050791973,0.05862035518002292,-3.1378211498226705
625.7560131945335,-154.4639961632562,392.05628755134944,2.8878063680652626,0.058938712853150714,-3.1377586834869087
626.2556106954909,-154.7314500563019,392.0710717902763,2.887434734863044,0.05932467577975435,-3.1375894347942697
626.9549097092529,-155.1111154114685,392.0628462948346,2.887156665980919,0.06012589248653683,-3.1373903889540578
627.5184309890925,-155.4463348722565,392.0516403944267,2.8868177548719687,0.06054074378171971,-3.1372753500276813
628.0503740879227,-155.7951313953129,392.0541096138874,2.8863949170770318,0.06097011839960524,-3.1371984705202034
628.5346978722304,-156.14940027503079,392.04000286072016,2.88601131684523,0.06119859869552237,-3.1371393456537806
629.0018020188814,-156.44903802344405,392.1090066443935,2.885636594212828,0.06122468174644394,-3.1372793430894403
629.5847157372053,-156.7496021843561,392.0536843707576,2.8854130575822827,0.06195415830447782,-3.13728280922793
630.1449896529266,-156.82803780886164,392.0156892800205,2.8854964487829875,0.062142779197143796,-3.137379153969119
630.6998773726157,-156.45513269716824,391.8843359216047,2.886306973198861,0.061878369682696215,-3.1378961621827055
631.2950829837362,-155.5037485479626,391.61392187097886,2.8885451674058533,0.061808636042642126,-3.138975671044853
631.6657908952606,-153.94102685711547,391.20877388285624,2.891780054087565,0.06078077938675585,-3.1394536061487495
631.9616760162103,-152.2127599392698,390.92445585812817,2.895241646765949,0.060124685102128206,-3.13913082609386
632.1613979767795,-150.37874226731896,390.60262920517266,2.8980861822740906,0.05927614440121973,-3.1394376054529634
632.2979902111099,-149.1036904936894,390.3697447566858,2.900101982087008,0.05869761889777168,-3.139419187556822
632.4237718958824,-147.87436480868277,390.15405594364296,2.902295476736304,0.05836090788772169,-3.1396851378379105
632.4955629310788,-146.68620293670978,389.9872586200976,2.9046621728650512,0.05791224026487932,-3.1396101866237034
632.6085021575095,-144.7936316238846,389.63295437864747,2.9076360439065114,0.0573594168767,-3.140010252512958
632.660034440762,-143.4719445314008,389.4553942979505,2.9100406762769384,0.05711623463128192,-3.139986687441337
632.7396086882706,-142.12926280297043,389.26075623352125,2.912433190443074,0.0570956517054284,-3.139880152533377
632.7871959085862,-140.29711431757684,388.9854549321546,2.915301575913658,0.05652035483202691,-3.140365683812835
632.830333552272,-138.89811693032186,388.66686215182176,2.9176073292327183,0.05608882361732715,-3.1405790998472076
632.8188380347649,-137.47889583570557,388.3766502294571,2.9198170099703256,0.055380195604150674,-3.1406854144176397
632.8770392377079,-136.31306417987787,388.329414728183,2.9219632314448876,0.05541269346379474,-3.140157812904908
632.9928698611274,-134.5708532746379,388.17576949097,2.924551626797032,0.055344990163474335,-3.14051463274812
632.9524599862541,-133.26085357191866,387.9034944702812,2.926631765561256,0.054666439586812644,-3.140514491684816
632.9991529641029,-132.11245199232525,387.8390185287198,2.9286259681154414,0.054660465039068185,-3.140151114301326
633.1072816999828,-130.43531327567493,387.66547729429294,2.931273607462494,0.054775368663905644,-3.1403743898988403
633.0751528942473,-128.8045004725874,387.5321033248346,2.9339606254413146,0.05408572981219667,-3.1403751921750374
633.1995096745261,-127.45852867746842,387.3969421253317,2.936176245668346,0.05439775128739659,-3.1404867042424067
633.1598694872179,-126.19297131693172,387.2443245487262,2.938330282882012,0.0537463726901408,-3.140230564695067
633.2583698342676,-124.56494467373423,387.1471970161116,2.941058947234259,0.05369538971020372,-3.1401068627401845
633.26287322589,-123.05860964120343,387.00314221734897,2.9435060006761593,0.05310199733697611,-3.140101502257039
633.3621983063806,-121.74270916445019,386.9160483035271,2.945645896130282,0.053081681886059655,-3.1401804200052172
633.4035378801404,-120.12905037843606,386.8499715533052,2.9482665949346925,0.052626115602690614,-3.1402280457547542
633.5156784241619,-118.73307348365088,386.7485447130988,2.950528094133649,0.052885431222308786,-3.1403931010994754
633.5122216839467,-117.46267668339068,386.7085341397478,2.95268111500442,0.05250069270473484,-3.140180848427515
633.4905075271214,-115.53249075322924,386.48367044634284,2.9556680628696426,0.051746768506061275,-3.1405746187897803
633.6301136161154,-114.15862276300886,386.4974549985791,2.958132878478326,0.052329000179825925,-3.140238423131307
633.6337073292281,-112.85854769130697,386.441733040503,2.9601799892063068,0.05192220452284846,-3.1404200464653327
633.6324043274128,-111.59947382203231,386.39180762764215,2.962212670004307,0.05153711995461173,-3.1404478412295522
633.7229829973306,-110.0834057095653,386.25014953454775,2.964713854049942,0.05191173826669243,-3.1404357471545583
633.7816321298126,-108.88213773068303,386.2187275120348,2.9667562464296484,0.051938640706865345,-3.140264508826503
633.7879286999363,-107.67425387737215,386.19235969756215,2.9687039367921115,0.05161599707370085,-3.1402807438948512
633.8365153452893,-106.27076969484149,386.1666589425719,2.970894716888976,0.05131111551193623,-3.1405068883443064
633.828270538839,-104.86465204957302,386.09264299851094,2.9731925241009702,0.050839838759838045,-3.1404268162303426
633.7684973100456,-103.56507911901745,386.0133029234461,2.9752675883577577,0.0503663240488948,-3.140421609087048
633.9582820234646,-102.23094811857015,385.9866083162567,2.97739088580085,0.05090388528818255,-3.140589175982416
634.0394297788421,-100.7161773282144,385.9380701447023,2.979868646140592,0.05060883790193858,-3.1405028004253808
634.0524591850785,-99.45822882927831,385.929050873938,2.9818273097727244,0.05033181346964958,-3.1406200076707047
634.1272365655639,-97.836701565851,385.9048512845253,2.9844357573852824,0.050305672633522175,-3.1406272327669003
634.1428186361097,-96.17841432678959,385.8807877151259,2.9871210835673607,0.04994325603927228,-3.1406780634118423
634.0937264239716,-94.8756257854183,385.85668703946334,2.9892337267252542,0.04957003912894811,-3.1406648702302165
634.0522427861122,-93.49413637839349,385.7943811459789,2.991500804800248,0.049340360827222395,-3.140584278875495
634.0365963353892,-92.17218661701824,385.7734520614578,2.9936609947595105,0.049195281929522716,-3.1404869294367144
634.0381122565931,-90.88177832535348,385.7703291657907,2.9958813120221865,0.049075390118285496,-3.140311037727231
634.0168847104188,-88.85287194166595,385.68903274580305,2.9993571517685726,0.04888832147043341,-3.140188849303736
634.0527580088213,-87.65231994710757,385.67625058734933,3.0015022259125343,0.049118217526706816,-3.1401623460014023
634.1351395751234,-85.77850683414466,385.6695981492901,3.004589822959119,0.04926245862425229,-3.1402958486151973
634.2080098739877,-84.45383150158763,385.67135174518376,3.0067523838392063,0.04919723984687083,-3.1404243280173
634.2229477538706,-83.21117465242196,385.655193375403,3.0088343902695596,0.04896432129470156,-3.140375481126438
634.2948653091483,-81.01372736228967,385.64983940952953,3.012436749504756,0.0489558078872264,-3.1406265322142124
634.3373987367256,-79.77916988286661,385.6353135577994,3.014496316868586,0.04896479217830906,-3.1405855414746604
634.3594195097554,-78.49506466106939,385.63789301565976,3.0165490189102884,0.048803650939934065,-3.140721335520998
634.3807271104513,-77.24593375780113,385.6258693640185,3.0187289265882233,0.048744004000540124,-3.140556250847353
634.4029522737252,-75.77250854050838,385.6454146471181,3.0211958389573583,0.048630975450068906,-3.1403734054536567
634.4406257497943,-74.22130338423504,385.64312038811124,3.0237089450756818,0.048560634119398524,-3.1405281625229553
634.4510254085101,-72.94226786950726,385.6457956719422,3.0259169004353534,0.04842911981826743,-3.140401703660708
634.5382835330813,-67.32573249595718,385.62963474202047,3.0352924307506854,0.04785609611334003,-3.140684592483055
634.5614853928793,-66.01324144198932,385.6367756307954,3.037595549182096,0.047862342896306934,-3.1405075793492596
634.5912094959211,-64.71573267552458,385.6381654382717,3.0397097282322894,0.048053162186112365,-3.1407134814140076
634.6026415974795,-63.42049246846716,385.6559250012742,3.041808705893203,0.04800409463717789,-3.14092343793085
634.6150069198547,-62.255840462774806,385.652150955398,3.043830862634988,0.04800558360454864,-3.140747546499244
634.6441608888604,-60.72418314939139,385.6519271443808,3.0462486472478236,0.04786503426153668,-3.140986738584581
634.6820481200225,-59.25883838794045,385.63867873347687,3.0486953930910397,0.047689569261776976,-3.1409958836523564
634.6854983176349,-58.0111904915221,385.63984831436693,3.0507446199687953,0.04705788100112129,-3.1411029513109736
634.7201247843586,-56.40956240094188,385.62785560103737,3.053322259267726,0.04595831523839798,-3.1413042348530897
634.7409563077447,-55.388008510531975,385.6190546037823,3.055071841479842,0.04443734502309226,-3.1410552723918417
634.8368323191686,-54.53673335084722,385.6322230571173,3.056416945964182,0.042222903876216446,-3.141064326681599
634.9571927728134,-53.929095520033904,385.64996468586605,3.0573397094810155,0.03937271644088871,-3.1410669040698482
635.1292106173931,-53.553561819722944,385.6591806272517,3.0577880761336886,0.03624133784788251,-3.1410795296613543
635.2520525109,-53.35313363996766,385.6668553066352,3.0581229163208725,0.03374850654107377,-3.141087004423681
635.3540783349417,-53.230149608954285,385.67570592898454,3.0583281405739884,0.031490577547458314,-3.1410932166735517
635.4739777446537,-53.21486792851443,385.6703536601237,3.0583377018405464,0.0283598637638456,-3.141102316218137
635.5816024503074,-53.260789810193145,385.65837505850067,3.058103624720622,0.025333892458086107,-3.1410628121631183
635.6864891439373,-53.32197831672396,385.66462326730357,3.0576848737663593,0.022618488866731668,-3.141014113756953
635.8174346838961,-53.44456210577896,385.7055272268,3.0572311644553953,0.020127177166448677,-3.140938489817931
635.9532347707346,-54.04111183180605,385.7500709890368,3.0559855838785666,0.016839414215681504,-3.1403746835692146
636.0389331145212,-54.64230837852057,385.7563218188729,3.0549538036732313,0.014344063726646568,-3.1400278706116285
636.1458440835593,-55.32595114153697,385.7739593224264,3.0535095212797865,0.0120079514400286,-3.140298316149779
636.2654871875455,-57.08594458981769,385.7845557235999,3.0498458043066425,0.010279391403552511,-3.140999622787966
636.26137615167,-57.83106727966331,385.8165329807226,3.0491083594470396,0.010908058895387814,-3.141025947503469
636.2582182688345,-58.65123368125764,385.8718037567708,3.0477965993366403,0.013746943114064568,-3.1409452953542534
636.0942415468832,-59.116892661427634,385.8634218081362,3.0469552301258394,0.017019697898776182,-3.141079727405916
635.9726297258071,-59.38337371931028,385.8564520328716,3.0465092845964725,0.0198371683394012,-3.1409686192371815
635.8478336283035,-59.56443956938255,385.84026324747566,3.0461715470938744,0.02211434324245517,-3.1407833772466156
635.7538612593033,-59.661030439956484,385.79932742456657,3.0458865511809137,0.0242873009806834,-3.1406502646420393
635.64212488425,-59.6619628347668,385.7764740844999,3.0458353598098884,0.026319573042604072,-3.140656538277266
635.5059255216695,-59.614349818826646,385.73926458524727,3.0458906633053004,0.029952560729848962,-3.1406609241845134
635.4126903788824,-59.53889433137326,385.7464503959346,3.04601187912443,0.032694938728721604,-3.1406463762821435
635.2919838868352,-59.36851921293366,385.72819036176355,3.0464718355427642,0.03517212811113592,-3.140665456354893
635.1921630022664,-58.82760888801047,385.71139719454254,3.047985991338782,0.037517099827886126,-3.1408555133259846
635.0825713487818,-58.11066832146412,385.69863722870707,3.0493774099624753,0.03980477240512731,-3.1407175897676525
634.9566909496364,-56.92084328517391,385.66201153996286,3.0515713114669616,0.04259447678138718,-3.140597538652396
634.8764670141072,-55.41183899799422,385.65216784174305,3.054193596569628,0.044996630977063905,-3.140806011993784
634.8251659740074,-53.798314054239405,385.6377979842174,3.0568116416855573,0.04665671326731083,-3.1406772406180807
634.8214265842212,-52.583774508676505,385.6272900344555,3.0588746385466496,0.04724491600306289,-3.140889845739893
634.8631895533446,-51.14082345961953,385.6387612895628,3.061425488747777,0.0476912219886069,-3.140847032617694
634.9115615411854,-49.91298877008594,385.6407731986928,3.063531033415712,0.04771954570617202,-3.1409645270304556
634.963770910785,-48.688330004567625,385.6505571452554,3.065795083360985,0.04767152903702231,-3.1409096068737683
635.0268306515376,-47.201031104690124,385.65183212547186,3.0684768940079215,0.04760330429892483,-3.140733530899785
635.1056092072419,-45.83993832638243,385.65602078098016,3.0706276289597314,0.04758542888792058,-3.141121977832467
635.1885349518606,-44.220657443257004,385.6584644901249,3.073372252001147,0.047547250570251894,-3.1411950322827455
635.2476200618299,-42.956010516350055,385.64631746995906,3.0754846823475614,0.047488447574136276,-3.1412557043558387
635.3113815037262,-41.30698954511203,385.63698244417407,3.0782487172727975,0.04740848599791561,-3.141235688755055
635.3414097820634,-40.03958466906468,385.63198306095825,3.080429233406565,0.047338173247407314,-3.1411304693029516
635.3439582875178,-38.7689227367485,385.59143285967065,3.082522815589571,0.047167004537959786,-3.1411575561640954
635.2934012581347,-37.10051140371187,385.50802265746455,3.0853944238741526,0.046833199201090796,-3.141135351190722
635.3154707414493,-35.89027794242869,385.4813824421543,3.087459173552352,0.04694543755746877,-3.1410632715689077
635.380811226447,-34.36281536015015,385.45356751289006,3.090120307042931,0.04707239783261004,-3.141184294365667
635.4268735239308,-33.05007194280819,385.41620543276275,3.092324881157941,0.046987756944928245,-3.1412612044583157
635.4137712178219,-31.749899777589036,385.3303887636445,3.094510498279361,0.04672809996985917,-3.1412818214763987
635.4301149190054,-29.635106044078167,385.2439374130214,3.098067928071503,0.04678773888357877,-3.14136171582308
635.4905117201573,-28.37643647935345,385.2204564621901,3.1002217942694905,0.046895487620411756,-3.141388054414929
635.5354169004248,-26.837163383687425,385.1674557545568,3.102778595800176,0.04684835670035113,-3.1415310619019796
635.5021990487384,-25.54113281613371,385.0397785714104,3.104918020227419,0.04652382538737452,3.1415183929828845
635.5296232433258,-24.373050237442712,385.0016206601009,3.1069812084857014,0.04652654881186437,-3.141461006078201
635.5946513228962,-22.880576727222397,384.9475897428104,3.109350460355099,0.04671468836413457,3.141428213544102
635.5611303870353,-21.178415328792607,384.785370692159,3.1121380962721705,0.04638630650348254,3.1412874745757144
635.659755254031,-19.920556116725106,384.7438170807494,3.114352304547708,0.04692531901729676,3.1415313891544736
635.6629379801581,-18.633430306017324,384.62666895375855,3.1164305752648054,0.04668275452328093,3.1414449782907328
635.6548430147785,-17.125175725392392,384.5016185960676,3.1190494674982014,0.04640484273650338,3.141460348624413
635.6733146334512,-15.906948591114643,384.43997624744065,3.1211048727514785,0.04629749031728893,3.1415081478426203
635.6808743464748,-14.392840261787153,384.30660394152824,3.123521941447649,0.0460889334385932,3.141242573957116
635.6957397727011,-13.1757516112527,384.21003427004655,3.125659348958031,0.04602892057523778,3.1414626631286993
635.7535162106933,-11.734147622500371,384.11699389759536,3.1279763960798164,0.04612057322475546,3.141287874116394
635.8776700113453,-10.951665044676018,384.0915840315865,3.129372767267555,0.04644032257843677,-3.1415635274285996
636.1337166284995,-10.642887385448923,384.1371158976714,3.129934696018407,0.04697632128263738,-3.1413890084139116
636.6322556182586,-10.617445687941334,384.34171890710115,3.1293644008888983,0.04798434331259444,-3.141398902048584
636.9109921529991,-10.79253031071643,384.52000994445876,3.1288644693414995,0.04795503133365653,-3.1412677111848613
637.3655819089956,-11.297551813957368,384.848352006261,3.1274636248221053,0.0491163833447216,-3.1409765380533723
637.9247641163543,-12.304105003424604,385.24159573399453,3.125345639402759,0.05047308727843035,-3.140821598898692
638.4342264787512,-13.895603512835335,385.63698197422923,3.122317479576394,0.05089657662173911,-3.140675461370795
638.8911619817571,-15.245072625052453,386.02271115611546,3.120151004158919,0.05162827626278786,-3.1405240137601216
639.3110052518712,-16.384847820879813,386.32493969325856,3.118131870987912,0.05200806229520516,-3.140825271812845
639.9562813942389,-17.85569559832391,386.7762318883217,3.115782981660743,0.052910884033834295,-3.14015191862558
640.3890564822769,-18.78459230056555,387.06915059628915,3.1139401121208397,0.0531575018863244,-3.1401569250084385
640.9107538840993,-19.919474141248955,387.413359185913,3.11194087794606,0.05397511178579884,-3.1398093692015245
641.4757638667585,-21.119188353276193,387.79806972719416,3.109706653400037,0.05431769136230292,-3.1401575929605396
642.0330793565931,-22.478535660924926,388.2110517835505,3.1073790225386024,0.05447711327683199,-3.139843784187345
642.5021009468993,-23.549777203644343,388.5375419712212,3.105402319207905,0.0548259928550382,-3.139962804524136
643.0083715781847,-24.683897368896623,388.895992492561,3.103417634605172,0.05541562859484494,-3.1400919883989236
643.4157893124375,-25.77614207066985,389.1886096570559,3.101665485476482,0.05555877653936393,-3.140132403255193
643.815816529903,-26.82767042295237,389.4493646325018,3.0999345700817504,0.055791692405372004,-3.140023999916842
644.2886712677085,-27.934562834064845,389.79031024811206,3.0981981818872333,0.056741625040413655,-3.1397533272786955
644.7529901084553,-28.953977182047286,390.07474253011367,3.096521015154878,0.05742522992979955,-3.139708517019246
645.2142465014375,-30.00869215641972,390.3265319059918,3.094787467935729,0.057735210244658275,-3.1397133355217317
645.8844036169943,-31.584973888336805,390.75385430207325,3.0922630342908857,0.058375405289712336,-3.1397311744530128
646.4580654371174,-32.81737505715176,391.05158788472505,3.090284520301218,0.05914439480969958,-3.139785952448344
647.1695095134717,-34.54539546988811,391.471217833413,3.0875072106185577,0.059555276871703686,-3.1397760797498138
647.7647422990822,-36.013519223131475,391.7966144164089,3.0851310785701407,0.06003314187722098,-3.1397874191472193
648.2096947532714,-37.027889920463814,392.0359841665514,3.0834700827307424,0.060473461778969465,-3.139919067410104
649.0269388960401,-38.91712475819196,392.423722544974,3.0805762710150577,0.061209608724271024,-3.1397505943005846
649.5008343347475,-39.896787138040246,392.69481552786215,3.079087388348679,0.061930344425839265,-3.139676501752964
649.9262619846993,-40.94823156017221,392.91995264546597,3.0774466861103114,0.06220617815465205,-3.1396172047924
650.8220090404012,-43.08933869193168,393.4376757289706,3.073937671365924,0.06294078960212221,-3.139589214774885
651.256725221373,-44.09224171855674,393.70458278828346,3.072173882710352,0.06326858502475861,-3.1396909787390115
651.7918518591529,-45.36714182521406,394.0057254482669,3.0701708180693066,0.06397868764480619,-3.1395509775364396
652.34236182466,-46.58547396769034,394.29555483658316,3.0681163683219355,0.06455864296393267,-3.1398378050306963
652.7552867174131,-47.67117805422509,394.50025236398176,3.066458560438684,0.06472258832525683,-3.1397649113866795
653.2430158622277,-48.67040389709948,394.7840895603591,3.0649081756282026,0.06559425752692846,-3.1397216393762437
653.6577546763202,-49.70766007908894,394.95292839628047,3.063245208561889,0.06577546149103987,-3.139704509692106
654.3402738127007,-51.12175194346552,395.2169210421645,3.061056984659992,0.06667860419961517,-3.139626510153593
654.7008628129827,-52.10443477608499,395.3859287060348,3.059527457622408,0.0666019278906004,-3.139505510737511
655.1903310798224,-53.22390777599436,395.55515659043857,3.0577987616416236,0.06718169840485995,-3.1394416239326817
655.7663048474477,-54.51337525829195,395.79828233795763,3.0558347958305445,0.06820928280945372,-3.1393973712628367
656.1462923140532,-55.52702347483764,395.8926224174633,3.054234123879572,0.06816575530568138,-3.1394538861628742
656.5576919926851,-56.55377349437322,396.0489220951629,3.0526403729531455,0.06836468054092411,-3.139457642630793
656.9810118409408,-57.51925819093982,396.24053777721076,3.051126942933152,0.06871519844657029,-3.1394951930421926
657.5504577892962,-58.80415071127159,396.48900391138835,3.049080455448275,0.06947607016346591,-3.1394430910086664
657.9861141823535,-59.783731623819,396.67279104992565,3.047534801780062,0.06974950058726818,-3.1395276310365285
658.4330917976005,-60.75337843443443,396.86869044074336,3.0460456991471645,0.07016852163751351,-3.1394576025284633
658.9198470685977,-61.95407635373785,397.0471904347882,3.044125926078138,0.07037932973194444,-3.1394033801833268
659.3580412616581,-62.92136611556159,397.25875807296416,3.0426831645673778,0.07085699928548242,-3.139414033610918
659.8435582602534,-64.01700146042778,397.41561446751643,3.0410165943902565,0.0717067306173489,-3.1391577362435803
660.3370418311347,-65.22388823241077,397.5913857750005,3.0391353373324206,0.07164999347931174,-3.1392810214768088
660.9675936748605,-66.4002157421777,397.8628899552409,3.0374052947851586,0.07279728586990222,-3.1392159471041237
661.3364985470325,-67.316079136972,397.94416870896197,3.0359691390709624,0.07262892111838228,-3.139345384762173
661.774087682838,-68.30437839589302,398.1023309307592,3.0344168691680817,0.07306782256351203,-3.139306097651269
662.3701552877319,-69.52570285815057,398.30012342677094,3.032599936038901,0.07403055916994244,-3.1393642957177357
662.7109135324496,-70.44703374293319,398.34637508226496,3.0311909044601846,0.0739276571342517,-3.13942020183898
663.1241539148274,-71.44633678692254,398.46353884916005,3.0297237151431107,0.07448885605050448,-3.139325403515069
663.4860669014397,-72.27368786869287,398.53964779779625,3.0284711974869647,0.07453143170625662,-3.1394785126326314
663.8701800096286,-72.83663895031876,398.6440702940266,3.027667864766715,0.07513644197086701,-3.139549683807746
663.9685848073719,-73.02739006513066,398.663304241316,3.027405316916675,0.07466570378970779,-3.1396498065625296
663.9812021776723,-73.04003110218628,398.6686426474652,3.0273903121717054,0.07454916384912998,-3.1396825698991986
